-- phpMyAdmin SQL Dump
-- version 3.2.4
-- http://www.phpmyadmin.net
--
-- Servidor: localhost
-- Tiempo de generación: 12-11-2012 a las 16:44:45
-- Versión del servidor: 5.1.44
-- Versión de PHP: 5.3.1

SET SQL_MODE="NO_AUTO_VALUE_ON_ZERO";


/*!40101 SET @OLD_CHARACTER_SET_CLIENT=@@CHARACTER_SET_CLIENT */;
/*!40101 SET @OLD_CHARACTER_SET_RESULTS=@@CHARACTER_SET_RESULTS */;
/*!40101 SET @OLD_COLLATION_CONNECTION=@@COLLATION_CONNECTION */;
/*!40101 SET NAMES utf8 */;

--
-- Base de datos: `empopasto_proveedores2`
--

-- --------------------------------------------------------

--
-- Estructura de tabla para la tabla `actividad`
--

CREATE TABLE IF NOT EXISTS `actividad` (
  `id` int(11) NOT NULL AUTO_INCREMENT,
  `nombre` varchar(200) DEFAULT NULL,
  `division_id` int(11) NOT NULL,
  PRIMARY KEY (`id`),
  KEY `fk_actividad_division1` (`division_id`)
) ENGINE=InnoDB  DEFAULT CHARSET=latin1 AUTO_INCREMENT=10 ;

--
-- Volcar la base de datos para la tabla `actividad`
--

INSERT INTO `actividad` (`id`, `nombre`, `division_id`) VALUES
(1, 'Producción especializada de café', 1),
(2, 'Producción especializada de flor de corte y productos de vivero', 1),
(3, 'Producción especializada de banano y plátano', 1),
(4, 'Producción especializada de caña de azúcar', 1),
(5, 'Producción especializada de cereales y oleaginosas', 1),
(6, 'Producción especializada de hortalizas y legumbres', 1),
(7, 'Producción especializada de frutas (excepto banano y plátano), nueces, plantas bebestibles (excepto café) y especias', 1),
(8, 'Producción especializada de otros cultivos ncp', 1),
(9, 'Producción agrícola en unidades no especializadas', 1);

-- --------------------------------------------------------

--
-- Estructura de tabla para la tabla `actividad_has_proveedores`
--

CREATE TABLE IF NOT EXISTS `actividad_has_proveedores` (
  `actividad_id` int(11) NOT NULL,
  `proveedores_id` int(11) NOT NULL,
  PRIMARY KEY (`actividad_id`,`proveedores_id`),
  KEY `fk_actividad_has_proveedores_proveedores1` (`proveedores_id`),
  KEY `fk_actividad_has_proveedores_actividad1` (`actividad_id`)
) ENGINE=InnoDB DEFAULT CHARSET=latin1;

--
-- Volcar la base de datos para la tabla `actividad_has_proveedores`
--


-- --------------------------------------------------------

--
-- Estructura de tabla para la tabla `ciudad`
--

CREATE TABLE IF NOT EXISTS `ciudad` (
  `id` int(11) NOT NULL AUTO_INCREMENT,
  `nombre` varchar(255) DEFAULT NULL,
  PRIMARY KEY (`id`)
) ENGINE=InnoDB  DEFAULT CHARSET=latin1 AUTO_INCREMENT=1089 ;

--
-- Volcar la base de datos para la tabla `ciudad`
--

INSERT INTO `ciudad` (`id`, `nombre`) VALUES
(1, 'LETICIA'),
(2, 'TARAPACA'),
(3, 'PUERTO SANTANDER'),
(4, 'PUERTO NARIÑO'),
(5, 'MIRITI PARANA'),
(6, 'LA PEDRERA'),
(7, 'LA CHORRERA'),
(8, 'EL ENCANTO'),
(9, 'AMAGA'),
(10, 'ANTIOQUIA'),
(11, 'BELMIRA'),
(12, 'ANZA'),
(13, 'APARTADO'),
(14, 'ARBOLETES'),
(15, 'ARGELIA'),
(16, 'ARMENIA'),
(17, 'BARBOSA'),
(18, 'ANGOSTURA'),
(19, 'ANGELOPOLIS'),
(20, 'ANORI'),
(21, 'YALI'),
(22, 'TITIRIBI'),
(23, 'TOLEDO'),
(24, 'TURBO'),
(25, 'URAMITA'),
(26, 'URRAO'),
(27, 'VALDIVIA'),
(28, 'VALPARAISO'),
(29, 'VEGACHI'),
(30, 'ANDES'),
(31, 'VIGIA DEL FUERTE'),
(32, 'AMALFI'),
(33, 'YARUMAL'),
(34, 'YOLOMBO'),
(35, 'YONDO'),
(36, 'ZARAGOZA'),
(37, 'ABEJORRAL'),
(38, 'ABRIAQUI'),
(39, 'ALEJANDRIA'),
(40, 'BURITICA'),
(41, 'VENECIA'),
(42, 'EL BAGRE'),
(43, 'BOLIVAR'),
(44, 'COCORNA'),
(45, 'CONCEPCION'),
(46, 'CONCORDIA'),
(47, 'COPACABANA'),
(48, 'DABEIBA'),
(49, 'CHIGORODO'),
(50, 'EBEJICO'),
(51, 'CAUCASIA'),
(52, 'ENTRERRIOS'),
(53, 'ENVIGADO'),
(54, 'FREDONIA'),
(55, 'FRONTINO'),
(56, 'GIRALDO'),
(57, 'GIRARDOTA'),
(58, 'DON MATIAS'),
(59, 'CAMPAMENTO'),
(60, 'BETANIA'),
(61, 'BETULIA'),
(62, 'TARSO'),
(63, 'BRICENO'),
(64, 'MEDELLIN'),
(65, 'CACERES'),
(66, 'CISNEROS'),
(67, 'CALDAS'),
(68, 'BELLO'),
(69, 'CANASGORDAS'),
(70, 'CARACOLI'),
(71, 'CARAMANTA'),
(72, 'CAREPA'),
(73, 'CARMEN DE VIBORAL'),
(74, 'CAROLINA'),
(75, 'CAICEDO'),
(76, 'PUEBLORRICO'),
(77, 'MURINDO'),
(78, 'MUTATA'),
(79, 'NARINO'),
(80, 'NECOCLI'),
(81, 'NECHI'),
(82, 'OLAYA'),
(83, 'SABANALARGA'),
(84, 'PEQUE'),
(85, 'MACEO'),
(86, 'PUERTO BERRIO'),
(87, 'PTO NARE (LA MAGD.)'),
(88, 'PUERTO TRIUNFO'),
(89, 'REMEDIOS'),
(90, 'RETIRO'),
(91, 'RIONEGRO'),
(92, 'PENOL'),
(93, 'JARDIN'),
(94, 'GOMEZ PLATA'),
(95, 'GRANADA'),
(96, 'GUADALUPE'),
(97, 'GUARNE'),
(98, 'HELICONIA'),
(99, 'TARAZA'),
(100, 'MONTEBELLO'),
(101, 'ITUANGO'),
(102, 'MARINILLA'),
(103, 'JERICO'),
(104, 'LA CEJA'),
(105, 'LA ESTRELLA'),
(106, 'LA PINTADA'),
(107, 'LA UNION'),
(108, 'LIBORINA'),
(109, 'HISPANIA'),
(110, 'ITAGUI'),
(111, 'SEGOVIA'),
(112, 'SAN LUIS'),
(113, 'SANTA ROSA DE OSOS'),
(114, 'SANTO DOMINGO'),
(115, 'SAN PEDRO'),
(116, 'SAN PEDRO DE URABA'),
(117, 'SANTA BARBARA'),
(118, 'SAN RAFAEL'),
(119, 'SAN JOSE DE LA MONTAÑA'),
(120, 'SABANETA'),
(121, 'SAN JUAN DE URABA'),
(122, 'GUATAPE'),
(123, 'SANTUARIO'),
(124, 'SONSON'),
(125, 'SOPETRAN'),
(126, 'TAMESIS'),
(127, 'SAN JERONIMO'),
(128, 'SAN VICENTE'),
(129, 'SAN FRANCISCO'),
(130, 'SAN CARLOS'),
(131, 'SAN ANDRES'),
(132, 'SALGAR'),
(133, 'SAN ROQUE'),
(134, 'SARAVENA'),
(135, 'CRAVO NORTE'),
(136, 'ARAUQUITA'),
(137, 'FORTUL'),
(138, 'PUERTO RONDON'),
(139, 'TAME'),
(140, 'ARAUCA'),
(141, 'SAN ANDRES'),
(142, 'PROVIDENCIA Y CATALINA'),
(143, 'SABANAGRANDE'),
(144, 'PUERTO COLOMBIA'),
(145, 'REPELON'),
(146, 'SABANALARGA'),
(147, 'SANTO TOMAS'),
(148, 'SOLEDAD'),
(149, 'SUAN'),
(150, 'TUBARA'),
(151, 'USIACURI'),
(152, 'PALMAR DE VARELA'),
(153, 'PONEDERA'),
(154, 'SANTA LUCIA'),
(155, 'PIOJO'),
(156, 'MANATI'),
(157, 'MALAMBO'),
(158, 'LURUACO'),
(159, 'GALAPA'),
(160, 'CANDELARIA'),
(161, 'CAMPO DE LA CRUZ'),
(162, 'BARANOA'),
(163, 'JUAN DE ACOSTA'),
(164, 'POLO NUEVO'),
(165, 'BARRANQUILLA'),
(166, 'BOGOTA D.C.'),
(167, 'SAN JUAN NEPOMUCENO'),
(168, 'SAN JACINTO DEL CAUCA'),
(169, 'SAN JACINTO'),
(170, 'SAN FERNANDO'),
(171, 'RIO VIEJO'),
(172, 'SAN CRISTOBAL'),
(173, 'SAN MARTIN DE LOBA'),
(174, 'TIQUISIO'),
(175, 'SAN ESTANISLAO'),
(176, 'SAN PABLO'),
(177, 'SANTA CATALINA'),
(178, 'SANTA ROSA'),
(179, 'SANTA ROSA DEL SUR'),
(180, 'SIMITI'),
(181, 'REGIDOR'),
(182, 'TALAIGUA NUEVO'),
(183, 'HATILLO DE LOBA'),
(184, 'TURBACO'),
(185, 'TURBANA'),
(186, 'VILLANUEVA'),
(187, 'SOPLAVIENTO'),
(188, 'CLEMENCIA'),
(189, 'CANTAGALLO'),
(190, 'ZAMBRANO'),
(191, 'CARTAGENA'),
(192, 'ACHI'),
(193, 'ALTOS DEL ROSARIO'),
(194, 'ARENAL'),
(195, 'ARJONA'),
(196, 'CALAMAR'),
(197, 'MAHATES'),
(198, 'CORDOBA'),
(199, 'PINILLOS'),
(200, 'EL CARMEN DE BOLIVAR'),
(201, 'EL GUAMO'),
(202, 'EL PENON'),
(203, 'MAGANGUE'),
(204, 'MARGARITA'),
(205, 'MARIA LA BAJA'),
(206, 'MONTECRISTO'),
(207, 'MOMPOS'),
(208, 'MORALES'),
(209, 'CICUCO'),
(210, 'BARRANCO DE LOBA'),
(211, 'TURMEQUE'),
(212, 'OTANCHE'),
(213, 'SUTATENZA'),
(214, 'TASCO'),
(215, 'TENZA'),
(216, 'TIBANA'),
(217, 'LA VICTORIA'),
(218, 'TIBABOSA'),
(219, 'PISBA'),
(220, 'ZETAQUIRA'),
(221, 'VIRACACHA'),
(222, 'VENTAQUEMADA'),
(223, 'UMBITA'),
(224, 'SUSACON'),
(225, 'PAZ DE RIO'),
(226, 'PACHAVITA'),
(227, 'PAEZ'),
(228, 'PAIPA'),
(229, 'PAJARITO'),
(230, 'PANQUEBA'),
(231, 'TUTASA'),
(232, 'PAYA'),
(233, 'TUTA'),
(234, 'PESCA'),
(235, 'TIPACOQUE'),
(236, 'TOCA'),
(237, 'TOPAGA'),
(238, 'TUNUNGUA'),
(239, 'SORACA'),
(240, 'PAUNA'),
(241, 'SANTA ROSA DE VITERBO'),
(242, 'QUIPAMA'),
(243, 'RAMIRIQUI'),
(244, 'RAQUIRA'),
(245, 'RONDON'),
(246, 'SABOYA'),
(247, 'SACHICA'),
(248, 'SAMACA'),
(249, 'SAN EDUARDO'),
(250, 'SAN JOSE DE PARE'),
(251, 'SAN LUIS DE GACENO'),
(252, 'SAN MATEO'),
(253, 'SAN MIGUEL DE SEMA'),
(254, 'SAN PABLO DE BORBUR'),
(255, 'SUTAMARCHAN'),
(256, 'SOCOTA'),
(257, 'SOTAQUIRA'),
(258, 'SORA'),
(259, 'SOMONDOCO'),
(260, 'PUERTO BOYACA'),
(261, 'SOGAMOSO'),
(262, 'SANTANA'),
(263, 'SOCHA'),
(264, 'SANTAMARIA'),
(265, 'SOATA'),
(266, 'SIACHOQUE'),
(267, 'SATIVASUR'),
(268, 'SATIVANORTE'),
(269, 'SANTA SOFIA'),
(270, 'TOGUI'),
(271, 'TINJACA'),
(272, 'COMBITA'),
(273, 'CHIQUIZA'),
(274, 'CUITIVA'),
(275, 'CUCAITA'),
(276, 'CUBARA'),
(277, 'COVARACHIA'),
(278, 'TOTA'),
(279, 'CHINAVITA'),
(280, 'OICATA'),
(281, 'EL COCUY'),
(282, 'CIENEGA'),
(283, 'CHIVATA'),
(284, 'CHITARAQUE'),
(285, 'CHITA'),
(286, 'CHISCAS'),
(287, 'CHIQUINQUIRA'),
(288, 'CORRALES'),
(289, 'GUACAMAYAS'),
(290, 'LA CAPILLA'),
(291, 'LABRANZAGRANDE'),
(292, 'JERICO'),
(293, 'JENESANO'),
(294, 'IZA'),
(295, 'GUICAN'),
(296, 'CHIVOR'),
(297, 'GUATEQUE'),
(298, 'DUITAMA'),
(299, 'GARAGOA'),
(300, 'GAMEZA'),
(301, 'GACHANTIVA'),
(302, 'FLORESTA'),
(303, 'FIRAVITOBA'),
(304, 'EL ESPINO'),
(305, 'COPER'),
(306, 'GUAYATA'),
(307, 'MONGUA'),
(308, 'BERBEO'),
(309, 'BELEN'),
(310, 'ARCABUCO'),
(311, 'CERINZA'),
(312, 'BETEITIVA'),
(313, 'AQUITANIA'),
(314, 'ALMEIDA'),
(315, 'TUNJA'),
(316, 'LA UVITA'),
(317, 'VILLA DE LEYVA'),
(318, 'MACANAL'),
(319, 'MIRAFLORES'),
(320, 'NOBSA'),
(321, 'CAMPOHERMOSO'),
(322, 'CALDAS'),
(323, 'BUSBANZA'),
(324, 'BUENAVISTA'),
(325, 'BRICEÑO'),
(326, 'NUEVO COLON'),
(327, 'MARIPI'),
(328, 'BOYACA'),
(329, 'MONGUI'),
(330, 'MUZO'),
(331, 'MOTAVITA'),
(332, 'MONIQUIRA'),
(333, 'BOAVITA'),
(334, 'LA DORADA'),
(335, 'NEIRA'),
(336, 'FILADELFIA'),
(337, 'SALAMINA'),
(338, 'BELALCAZAR'),
(339, 'ARANZAZU'),
(340, 'ANSERMA'),
(341, 'AGUADAS'),
(342, 'MANIZALES'),
(343, 'VITERBO'),
(344, 'VILLAMARIA'),
(345, 'VICTORIA'),
(346, 'SUPIA'),
(347, 'MARQUETALIA'),
(348, 'SAMANA'),
(349, 'LA MERCED'),
(350, 'RISARALDA'),
(351, 'RIOSUCIO'),
(352, 'PENSILVANIA'),
(353, 'PALESTINA'),
(354, 'PACORA'),
(355, 'MARULANDA'),
(356, 'CHINCHINA'),
(357, 'MARMATO'),
(358, 'MANZANARES'),
(359, 'CURILLO'),
(360, 'LA MONTAÑITA'),
(361, 'EL DONCELLO'),
(362, 'VALPARAISO'),
(363, 'BELEN DE LOS ANDAQUIES'),
(364, 'SOLITA'),
(365, 'CARTAGENA DEL CHAIRA'),
(366, 'ALBANIA'),
(367, 'FLORENCIA'),
(368, 'SOLANO'),
(369, 'SAN VICENTE DEL CAGUAN'),
(370, 'SAN JOSE DEL FRAGUA'),
(371, 'PUERTO RICO'),
(372, 'MILAN'),
(373, 'EL PAUJIL'),
(374, 'MORELIA'),
(375, 'RECETOR'),
(376, 'TAMARA'),
(377, 'TAURAMENA'),
(378, 'TRINIDAD'),
(379, 'VILLANUEVA'),
(380, 'SAN LUIS DE PALENQUE'),
(381, 'SABANALARGA'),
(382, 'LA SALINA'),
(383, 'PORE'),
(384, 'PAZ DE ARIPORO'),
(385, 'AGUAZUL'),
(386, 'HATO COROZAL'),
(387, 'SACAMA'),
(388, 'CHAMEZA'),
(389, 'OROCUE'),
(390, 'YOPAL'),
(391, 'MANI'),
(392, 'MONTERREY'),
(393, 'NUNCHIA'),
(394, 'MIRANDA'),
(395, 'CAJIBIO'),
(396, 'ALMAGUER'),
(397, 'ARGELIA'),
(398, 'BALBOA'),
(399, 'BOLIVAR'),
(400, 'BUENOS AIRES'),
(401, 'POPAYAN'),
(402, 'LA VEGA'),
(403, 'ROSAS'),
(404, 'PURACE'),
(405, 'PUERTO TEJADA'),
(406, 'PIENDAMO'),
(407, 'PIAMONTE'),
(408, 'PATIA (EL BORDO)'),
(409, 'PAEZ (Belalcazar)'),
(410, 'LOPEZ DE MICAY'),
(411, 'MERCADERES'),
(412, 'CALDONO'),
(413, 'LA SIERRA'),
(414, 'JAMBALO'),
(415, 'INZA'),
(416, 'GUAPI'),
(417, 'FLORENCIA'),
(418, 'EL TAMBO'),
(419, 'CORINTO'),
(420, 'CALOTO'),
(421, 'PADILLA'),
(422, 'SAN SEBASTIAN'),
(423, 'MORALES'),
(424, 'TOTORO'),
(425, 'TORIBIO'),
(426, 'TIMBIQUI'),
(427, 'TIMBIO'),
(428, 'SOTARA'),
(429, 'SILVIA'),
(430, 'SANTA ROSA'),
(431, 'SANTANDER DE QUILICHAO'),
(432, 'SUAREZ'),
(433, 'SAN DIEGO'),
(434, 'LA GLORIA'),
(435, 'LA JAGUA DE IRIBICO'),
(436, 'MANAURE BALCON DEL CESAR'),
(437, 'PAILITAS'),
(438, 'PELAYA'),
(439, 'TAMALAMEQUE'),
(440, 'LA PAZ'),
(441, 'GONZALEZ'),
(442, 'SAN ALBERTO'),
(443, 'RIO DE ORO'),
(444, 'CODAZZI'),
(445, 'SAN MARTIN'),
(446, 'GAMARRA'),
(447, 'AGUACHICA'),
(448, 'ASTREA'),
(449, 'VALLEDUPAR'),
(450, 'BECERRIL'),
(451, 'CHIMICHAGUA'),
(452, 'CHIRIGUANA'),
(453, 'EL PASO'),
(454, 'CURUMANI'),
(455, 'BOSCONIA'),
(456, 'EL COPEY'),
(457, 'RIOSUCIO'),
(458, 'LITORAL DE SAN JUAN'),
(459, 'ISTMINA'),
(460, 'JURADO'),
(461, 'LLORO'),
(462, 'SAN JOSE DEL PALMAR'),
(463, 'NUQUI'),
(464, 'EL CARMEN DE ATRATO'),
(465, 'BAHIA SOLANO'),
(466, 'SIPI'),
(467, 'NOVITA'),
(468, 'QUIBDO'),
(469, 'BOJAYA (BELLA VISTA)'),
(470, 'UNGUIA'),
(471, 'CONDOTO'),
(472, 'ACANDI'),
(473, 'ALTO BAUDO (PIE DE PATO)'),
(474, 'ATRATO'),
(475, 'BAGADO'),
(476, 'BAJO BAUDO (PIZARRO)'),
(477, 'CANTON DE SAN PABLO'),
(478, 'TADO'),
(479, 'SAN ANTERO'),
(480, 'VALENCIA'),
(481, 'TIERRALTA'),
(482, 'SAN PELAYO'),
(483, 'SAN BERNARDO DEL VIENTO'),
(484, 'SAN CARLOS'),
(485, 'PLANETA RICA'),
(486, 'MOÑITOS'),
(487, 'MONTELIBANO'),
(488, 'MOMIL'),
(489, 'LOS CORDOBAS'),
(490, 'LORICA'),
(491, 'PUEBLO NUEVO'),
(492, 'COTORRA'),
(493, 'LA APARTADA'),
(494, 'CHINU'),
(495, 'CHIMA'),
(496, 'CERETE'),
(497, 'CANALETE'),
(498, 'BUENAVISTA'),
(499, 'AYAPEL'),
(500, 'MONTERIA'),
(501, 'SAN ANDRES DE SOTAVENTO'),
(502, 'SAHAGUN'),
(503, 'PURISIMA'),
(504, 'PUERTO LIBERTADOR'),
(505, 'PUERTO ESCONDIDO'),
(506, 'CIENAGA DE ORO'),
(507, 'LA PEÑA'),
(508, 'LA VEGA'),
(509, 'FOSCA'),
(510, 'FOMEQUE'),
(511, 'FACATATIVA'),
(512, 'EL PEÑON'),
(513, 'GRANADA'),
(514, 'SIMIJACA'),
(515, 'LA CALERA'),
(516, 'EL COLEGIO'),
(517, 'CUCUNUBA'),
(518, 'COTA'),
(519, 'COGUA'),
(520, 'CHOCONTA'),
(521, 'CHOACHI'),
(522, 'CHIPAQUE'),
(523, 'CHIA'),
(524, 'CHAGUANI'),
(525, 'CARMEN DE CARUPA'),
(526, 'CAQUEZA'),
(527, 'GUASCA'),
(528, 'GACHANCIPA'),
(529, 'GACHALA'),
(530, 'FUSAGASUGA'),
(531, 'GAMA'),
(532, 'FUQUENE'),
(533, 'FUNZA'),
(534, 'GIRARDOT'),
(535, 'GUACHETA'),
(536, 'LA PALMA'),
(537, 'TOPAIPI'),
(538, 'LA MESA'),
(539, 'GUATAQUI'),
(540, 'GUATAVITA'),
(541, 'GUAYABAL DE SIQUIMA'),
(542, 'GUAYABETAL'),
(543, 'GUTIERREZ'),
(544, 'JERUSALEN'),
(545, 'JUNIN'),
(546, 'GACHETA'),
(547, 'GUADUAS'),
(548, 'NOCAIMA'),
(549, 'SAN BERNARDO'),
(550, 'QUEBRADANEGRA'),
(551, 'PULI'),
(552, 'PUERTO SALGAR'),
(553, 'PASCA'),
(554, 'PARATEBUENO'),
(555, 'PANDI'),
(556, 'PAIME'),
(557, 'QUIPILE'),
(558, 'VENECIA (OSPINA PEREZ)'),
(559, 'APULO (RAFAEL REYES)'),
(560, 'NIMAIMA'),
(561, 'NILO'),
(562, 'NEMOCON'),
(563, 'NARIÑO'),
(564, 'MOSQUERA'),
(565, 'MEDINA'),
(566, 'MANTA'),
(567, 'MADRID'),
(568, 'MACHETA'),
(569, 'PACHO'),
(570, 'AGUA DE DIOS'),
(571, 'CAJICA'),
(572, 'CACHIPAY'),
(573, 'CABRERA'),
(574, 'BOJACA'),
(575, 'BITUIMA'),
(576, 'BELTRAN'),
(577, 'ARBELAEZ'),
(578, 'ANOLAIMA'),
(579, 'QUETAME'),
(580, 'ALBAN'),
(581, 'CAPARRAPI'),
(582, 'SILVANIA'),
(583, 'SIBATE'),
(584, 'SESQUILE'),
(585, 'SASAIMA'),
(586, 'SAN JUAN DE RIO SECO'),
(587, 'SAN FRANCISCO'),
(588, 'SAN CAYETANO'),
(589, 'LENGUAZAQUE'),
(590, 'SAN ANTONIO DEL TEQUENDAMA'),
(591, 'ANAPOIMA'),
(592, 'VILLETA'),
(593, 'TOCAIMA'),
(594, 'ZIPAQUIRA'),
(595, 'ZIPACON'),
(596, 'VIOTA'),
(597, 'VILLAPINZON'),
(598, 'VILLAGOMEZ'),
(599, 'VIANI'),
(600, 'VERGARA'),
(601, 'UTICA'),
(602, 'UNE'),
(603, 'UBATE'),
(604, 'UBAQUE'),
(605, 'UBALA'),
(606, 'TOCANCIPA'),
(607, 'SUSA'),
(608, 'SOPO'),
(609, 'SUBACHOQUE'),
(610, 'SUESCA'),
(611, 'YACOPI'),
(612, 'SUPATA'),
(613, 'SUTATAUSA'),
(614, 'TABIO'),
(615, 'TAUSA'),
(616, 'TENA'),
(617, 'TENJO'),
(618, 'TIBACUY'),
(619, 'TIBIRITA'),
(620, 'SOACHA'),
(621, 'PANA PANA'),
(622, 'INIRIDA'),
(623, 'BARRANCO MINAS'),
(624, 'SAN FELIPE'),
(625, 'PUERTO COLOMBIA'),
(626, 'MORICHAL NUEVO'),
(627, 'CACAHUAL'),
(628, 'LA GUADALUPE'),
(629, 'EL RETORNO'),
(630, 'SAN JOSE DEL GUAVIARE'),
(631, 'CALAMAR'),
(632, 'MIRAFLORES'),
(633, 'YAGUARA'),
(634, 'SAN AGUSTIN'),
(635, 'SANTA MARIA'),
(636, 'SUAZA'),
(637, 'TARQUI'),
(638, 'TESALIA'),
(639, 'TELLO'),
(640, 'TERUEL'),
(641, 'VILLA VIEJA'),
(642, 'GARZON'),
(643, 'SALADO BLANCO'),
(644, 'TIMANA'),
(645, 'IQUIRA'),
(646, 'ACEVEDO'),
(647, 'AGRADO'),
(648, 'AIPE'),
(649, 'ALGECIRAS'),
(650, 'ALTAMIRA'),
(651, 'BARAYA'),
(652, 'CAMPO ALEGRE'),
(653, 'COLOMBIA'),
(654, 'ELIAS'),
(655, 'NEIVA'),
(656, 'GUADALUPE'),
(657, 'HOBO'),
(658, 'RIVERA'),
(659, 'ISNOS'),
(660, 'LA ARGENTINA'),
(661, 'LA PLATA'),
(662, 'NATAGA'),
(663, 'OPORAPA'),
(664, 'PAICOL'),
(665, 'PALERMO'),
(666, 'PALESTINA'),
(667, 'PITAL'),
(668, 'PITALITO'),
(669, 'GIGANTE'),
(670, 'MANAURE'),
(671, 'BARRANCAS'),
(672, 'DIBULLA'),
(673, 'DISTRACCION'),
(674, 'EL MOLINO'),
(675, 'FONSECA'),
(676, 'MAICAO'),
(677, 'SAN JUAN DEL CESAR'),
(678, 'URIBIA'),
(679, 'URUMITA'),
(680, 'VILLANUEVA'),
(681, 'HATO NUEVO'),
(682, 'RIOHACHA'),
(683, 'SALAMINA'),
(684, 'SAN SEBASTIAN DE BUENAVISTA'),
(685, 'PEDRAZA'),
(686, 'SAN ZENON'),
(687, 'PUEBLO VIEJO'),
(688, 'SITIO NUEVO'),
(689, 'TENERIFE'),
(690, 'PLATO'),
(691, 'PIVIJAY'),
(692, 'PIJINO DEL CARMEN'),
(693, 'REMOLINO'),
(694, 'CIENAGA'),
(695, 'GUAMAL'),
(696, 'SANTA MARTA'),
(697, 'SANTA ANA'),
(698, 'ARIGUANI'),
(699, 'CHIVOLO'),
(700, 'ARACATACA'),
(701, 'EL BANCO'),
(702, 'EL PIÑON'),
(703, 'EL RETEN'),
(704, 'FUNDACION'),
(705, 'CERRO SAN ANTONIO'),
(706, 'LEJANIAS'),
(707, 'PUERTO LOPEZ'),
(708, 'LA MACARENA'),
(709, 'PUERTO CONCORDIA'),
(710, 'PUERTO GAITAN'),
(711, 'PUERTO LLERAS'),
(712, 'PUERTO RICO'),
(713, 'RESTREPO'),
(714, 'SAN JUAN DE ARAMA'),
(715, 'EL CALVARIO'),
(716, 'SAN JUANITO'),
(717, 'SAN MARTIN'),
(718, 'SAN CARLOS DE GUAROA'),
(719, 'MAPIRIPAN'),
(720, 'GUAMAL'),
(721, 'GRANADA'),
(722, 'FUENTE DE ORO'),
(723, 'EL CASTILLO'),
(724, 'CUMARAL'),
(725, 'CUBARRAL'),
(726, 'CASTILLA LA NUEVA'),
(727, 'CABUYARO'),
(728, 'BARRANCA DE UPIA'),
(729, 'ACACIAS'),
(730, 'VILLAVICENCIO'),
(731, 'VISTAHERMOSA'),
(732, 'LA URIBE'),
(733, 'EL DORADO'),
(734, 'MESETAS'),
(735, 'GUACHUCAL'),
(736, 'FUNES'),
(737, 'EL TAMBO'),
(738, 'EL TABLON'),
(739, 'EL ROSARIO'),
(740, 'EL CHARCO'),
(741, 'CHACHAGUI'),
(742, 'CUMBITARA'),
(743, 'CUMBAL'),
(744, 'CUASPUD'),
(745, 'SAN PABLO'),
(746, 'CONTADERO'),
(747, 'ILES'),
(748, 'CONSACA'),
(749, 'FRANCISCO PIZARRO'),
(750, 'POLICARPA'),
(751, 'POTOSI'),
(752, 'PROVIDENCIA'),
(753, 'PUERRES'),
(754, 'PUPIALES'),
(755, 'ROBERTO PAYAN'),
(756, 'SANDONA'),
(757, 'SAN BERNARDO'),
(758, 'SAN LORENZO'),
(759, 'CORDOBA'),
(760, 'PASTO'),
(761, 'LA CRUZ'),
(762, 'LA FLORIDA'),
(763, 'LA LLANADA'),
(764, 'LA TOLA'),
(765, 'LA UNION'),
(766, 'LEIVA'),
(767, 'LINARES'),
(768, 'LOS ANDES'),
(769, 'MAGUI'),
(770, 'MALLAMA'),
(771, 'MOSQUERA'),
(772, 'GUAITARILLA'),
(773, 'OSPINA'),
(774, 'GUALMATAN'),
(775, 'ALBAN'),
(776, 'ALDANA'),
(777, 'ANCUYA'),
(778, 'ARBOLEDA'),
(779, 'BARBACOAS'),
(780, 'BELEN'),
(781, 'BUESACO'),
(782, 'COLON'),
(783, 'IPIALES'),
(784, 'IMUES'),
(785, 'SAMANIEGO'),
(786, 'OLAYA HERRERA'),
(787, 'TUQUERRES'),
(788, 'SAN PEDRO DE CARTAGO'),
(789, 'RICAURTE'),
(790, 'YACUANQUER'),
(791, 'TUMACO'),
(792, 'TANGUA'),
(793, 'TAMINANGO'),
(794, 'SANTA BARBARA'),
(795, 'SAPUYES'),
(796, 'SANTA CRUZ'),
(797, 'NO APLICA'),
(798, 'CUCUTA'),
(799, 'DURANIA'),
(800, 'CUCUTILLA'),
(801, 'CONVENCION'),
(802, 'CHITAGA'),
(803, 'CHINACOTA'),
(804, 'CACHIRA'),
(805, 'CACOTA'),
(806, 'BUCARASICA'),
(807, 'BOCHALEMA'),
(808, 'ABREGO'),
(809, 'TOLEDO'),
(810, 'EL ZULIA'),
(811, 'SAN CAYETANO'),
(812, 'SANTIAGO'),
(813, 'SARDINATA'),
(814, 'SILOS'),
(815, 'TEORAMA'),
(816, 'TIBU'),
(817, 'VILLA CARO'),
(818, 'ARBOLEDAS'),
(819, 'OCAÑA'),
(820, 'SALAZAR'),
(821, 'VILLA DEL ROSARIO'),
(822, 'EL CARMEN'),
(823, 'SAN CALIXTO'),
(824, 'EL TARRA'),
(825, 'PUERTO SANTANDER'),
(826, 'PAMPLONA'),
(827, 'RAGONVALIA'),
(828, 'MUTISCUA'),
(829, 'LOURDES'),
(830, 'LOS PATIOS'),
(831, 'LA PLAYA'),
(832, 'LA ESPERANZA'),
(833, 'LABATECA'),
(834, 'HERRAN'),
(835, 'HACARI'),
(836, 'GRAMALOTE'),
(837, 'PAMPLONITA'),
(838, 'SAN MIGUEL'),
(839, 'PUERTO LEGUIZAMO'),
(840, 'SIBUNDOY'),
(841, 'SAN FRANCISCO'),
(842, 'SANTIAGO'),
(843, 'VALLE DEL GUAMUEZ'),
(844, 'MOCOA'),
(845, 'COLON'),
(846, 'ORITO'),
(847, 'PUERTO ASIS'),
(848, 'PUERTO GUZMAN'),
(849, 'PUERTO CAICEDO'),
(850, 'VILLAGARZON'),
(851, 'CORDOBA'),
(852, 'ARMENIA'),
(853, 'BUENAVISTA'),
(854, 'CIRCASIA'),
(855, 'FILANDIA'),
(856, 'GENOVA'),
(857, 'LA TEBAIDA'),
(858, 'MONTENEGRO'),
(859, 'PIJAO'),
(860, 'QUIMBAYA'),
(861, 'SALENTO'),
(862, 'CALARCA'),
(863, 'QUINCHIA'),
(864, 'MARSELLA'),
(865, 'PEREIRA'),
(866, 'SANTA ROSA DE CABAL'),
(867, 'PUEBLO RICO'),
(868, 'MISTRATO'),
(869, 'LA CELIA'),
(870, 'GUATICA'),
(871, 'DOS QUEBRADAS'),
(872, 'BELEN DE UMBRIA'),
(873, 'SANTUARIO'),
(874, 'BALBOA'),
(875, 'LA VIRGINIA'),
(876, 'APIA'),
(877, 'PUERTO WILCHES'),
(878, 'SAN JOAQUIN'),
(879, 'SAN GIL'),
(880, 'SAN BENITO'),
(881, 'SAN ANDRES'),
(882, 'RIONEGRO'),
(883, 'ZAPATOCA'),
(884, 'PUERTO PARRA'),
(885, 'PUENTE NACIONAL'),
(886, 'SABANA DE TORRES'),
(887, 'SAN JOSE MIRANDA'),
(888, 'SAN VICENTE DE CHUCURI'),
(889, 'SANTA BARBARA'),
(890, 'VILLANUEVA'),
(891, 'VETAS'),
(892, 'VELEZ'),
(893, 'VALLE DE  SAN JOSE'),
(894, 'TONA'),
(895, 'PINCHOTE'),
(896, 'LEBRIJA'),
(897, 'SAN MIGUEL'),
(898, 'MALAGA'),
(899, 'SANTA HELENA DE OPON'),
(900, 'CALIFORNIA'),
(901, 'CAPITANEJO'),
(902, 'CARCASI'),
(903, 'CEPITA'),
(904, 'LANDAZURI'),
(905, 'LA PAZ'),
(906, 'GIRON'),
(907, 'MACARAVITA'),
(908, 'SURATA'),
(909, 'PIEDECUESTA'),
(910, 'MATANZA'),
(911, 'MOGOTES'),
(912, 'MOLAGAVITA'),
(913, 'OCAMONTE'),
(914, 'OIBA'),
(915, 'ONZAGA'),
(916, 'PALMAR'),
(917, 'PALMAS DEL SOCORRO'),
(918, 'PARAMO'),
(919, 'LOS SANTOS'),
(920, 'CURITI'),
(921, 'CERRITO'),
(922, 'CHARALA'),
(923, 'CHARTA'),
(924, 'CHIMA'),
(925, 'CHIPATA'),
(926, 'CIMITARRA'),
(927, 'CONCEPCION'),
(928, 'CONFINES'),
(929, 'GUADALUPE'),
(930, 'COROMORO'),
(931, 'EL PEÑON'),
(932, 'BOLIVAR'),
(933, 'BETULIA'),
(934, 'BARRANCABERMEJA'),
(935, 'BARICHARA'),
(936, 'BARBOSA'),
(937, 'ARATOCA'),
(938, 'ALBANIA'),
(939, 'AGUADA'),
(940, 'BUCARAMANGA'),
(941, 'CONTRATACION'),
(942, 'GUACA'),
(943, 'SUAITA'),
(944, 'SOCORRO'),
(945, 'SIMACOTA'),
(946, 'LA BELLEZA'),
(947, 'JORDAN'),
(948, 'JESUS MARIA'),
(949, 'HATO'),
(950, 'GUEPSA'),
(951, 'GUAVATA'),
(952, 'EL CARMEN DE CHUCURI'),
(953, 'GUAPOTA'),
(954, 'EL GUACAMAYO'),
(955, 'GAMBITA'),
(956, 'GALAN'),
(957, 'FLORIDABLANCA'),
(958, 'FLORIAN'),
(959, 'ENCISO'),
(960, 'ENCINO'),
(961, 'EL PLAYON'),
(962, 'SUCRE'),
(963, 'CABRERA'),
(964, 'SINCELEJO'),
(965, 'MAJAGUAL'),
(966, 'CAIMITO'),
(967, 'SAN PEDRO'),
(968, 'SAN ONOFRE'),
(969, 'SAN MARCOS'),
(970, 'SAN JUAN DE BETULIA'),
(971, 'SAN BENITO ABAD'),
(972, 'SAMPUES'),
(973, 'PALMITO'),
(974, 'SUCRE'),
(975, 'MORROA'),
(976, 'TOLU'),
(977, 'LOS PALMITOS'),
(978, 'LA UNION'),
(979, 'GUARANDA'),
(980, 'GALERAS'),
(981, 'CHALAN'),
(982, 'COROZAL'),
(983, 'COLOSO (RICAURTE)'),
(984, 'BUENAVISTA'),
(985, 'OVEJAS'),
(986, 'TOLUVIEJO'),
(987, 'SINCE'),
(988, 'CARMEN DE APICALA'),
(989, 'ROVIRA'),
(990, 'DOLORES'),
(991, 'ESPINAL'),
(992, 'COYAIMA'),
(993, 'FALAN'),
(994, 'COELLO'),
(995, 'FLANDES'),
(996, 'FRESNO'),
(997, 'GUAMO'),
(998, 'CASABIANCA'),
(999, 'CUNDAY'),
(1000, 'CAJAMARCA'),
(1001, 'ATACO'),
(1002, 'ARMERO (GUAYABAL)'),
(1003, 'ANZOATEGUI'),
(1004, 'AMBALEMA'),
(1005, 'ALVARADO'),
(1006, 'ALPUJARRA'),
(1007, 'IBAGUE'),
(1008, 'CHAPARRAL'),
(1009, 'RIOBLANCO'),
(1010, 'PRADO'),
(1011, 'PLANADAS'),
(1012, 'PIEDRAS'),
(1013, 'SANTA ISABEL'),
(1014, 'SUAREZ'),
(1015, 'VALLE DE SAN JUAN'),
(1016, 'VENADILLO'),
(1017, 'VILLA HERMOSA'),
(1018, 'VILLARRICA'),
(1019, 'SAN LUIS'),
(1020, 'RONCESVALLES'),
(1021, 'PURIFICACION'),
(1022, 'SAN ANTONIO'),
(1023, 'MELGAR'),
(1024, 'MARIQUITA'),
(1025, 'LIBANO'),
(1026, 'LERIDA'),
(1027, 'ICONONZO'),
(1028, 'HONDA'),
(1029, 'HERVEO'),
(1030, 'PALOCABILDO'),
(1031, 'ORTEGA'),
(1032, 'MURILLO'),
(1033, 'NATAGAIMA'),
(1034, 'SALDAÑA'),
(1035, 'CAICEDONIA'),
(1036, 'CALIMA  (DARIEN)'),
(1037, 'EL AGUILA'),
(1038, 'BUGALAGRANDE'),
(1039, 'CANDELARIA'),
(1040, 'BUGA'),
(1041, 'DAGUA'),
(1042, 'ANDALUCIA'),
(1043, 'EL CAIRO'),
(1044, 'EL CERRITO'),
(1045, 'EL DOVIO'),
(1046, 'FLORIDA'),
(1047, 'GINEBRA'),
(1048, 'GUACARI'),
(1049, 'JAMUNDI'),
(1050, 'LA CUMBRE'),
(1051, 'CARTAGO'),
(1052, 'TORO'),
(1053, 'ULLOA'),
(1054, 'TULUA'),
(1055, 'VIJES'),
(1056, 'YOTOCO'),
(1057, 'YUMBO'),
(1058, 'ARGELIA'),
(1059, 'ZARZAL'),
(1060, 'VERSALLES'),
(1061, 'TRUJILLO'),
(1062, 'SEVILLA'),
(1063, 'SAN PEDRO'),
(1064, 'ALCALA'),
(1065, 'BOLIVAR'),
(1066, 'ANSERMANUEVO'),
(1067, 'BUENAVENTURA'),
(1068, 'LA UNION'),
(1069, 'ROLDANILLO'),
(1070, 'CALI'),
(1071, 'LA VICTORIA'),
(1072, 'OBANDO'),
(1073, 'PALMIRA'),
(1074, 'PRADERA'),
(1075, 'RESTREPO'),
(1076, 'RIOFRIO'),
(1077, 'PAPUNAHUA'),
(1078, 'TARAIRA'),
(1079, 'PACOA'),
(1080, 'CARURU'),
(1081, 'MITU'),
(1082, 'YAVARATE'),
(1083, 'CUMARIBO'),
(1084, 'PUERTO CARREÑO'),
(1085, 'LA PRIMAVERA'),
(1086, 'SANTA RITA'),
(1087, 'SAN JOSE DE OCUNE'),
(1088, 'SANTA ROSALIA');

-- --------------------------------------------------------

--
-- Estructura de tabla para la tabla `division`
--

CREATE TABLE IF NOT EXISTS `division` (
  `id` int(11) NOT NULL AUTO_INCREMENT,
  `nombre` varchar(200) DEFAULT NULL,
  `seccion_id` int(11) NOT NULL,
  PRIMARY KEY (`id`),
  KEY `fk_division_seccion` (`seccion_id`)
) ENGINE=InnoDB  DEFAULT CHARSET=latin1 AUTO_INCREMENT=15 ;

--
-- Volcar la base de datos para la tabla `division`
--

INSERT INTO `division` (`id`, `nombre`, `seccion_id`) VALUES
(1, 'DIVISIÓN 01 - AGRICULTURA, GANADERÍA, CAZA Y ACTIVIDADES DE SERVICIOS CONEXAS', 1),
(2, 'DIVISIÓN 02 - SILVICULTURA, EXTRACCIÓN DE MADERA Y ACTIVIDADES DE SERVICIOS CONEXAS', 1),
(3, 'DIVISIÓN 03 - NO ASIGNADA', 1),
(4, 'DIVISIÓN 04 - NO ASIGNADA', 1),
(5, 'DIVISIÓN 05 - PESCA, ACUICULTURA Y ACTIVIDADES DE SERVICIOS RELACIONADAS', 2),
(6, 'DIVISIÓN 06 - NO ASIGNADA', 2),
(7, 'DIVISIÓN 07 - NO ASIGNADA', 2),
(8, 'DIVISIÓN 08 - NO ASIGNADA', 2),
(9, 'DIVISIÓN 09 - NO ASIGNADA', 2),
(10, 'DIVISIÓN 10 - EXTRACCIÓN DE CARBÓN, CARBÓN LIGNÍTICO Y TURBA', 3),
(11, 'DIVISIÓN 11- EXTRACCIÓN DE PETRÓLEO CRUDO Y DE GAS NATURAL, ACTIVIDADES DE SERVICIOS RELACIONADAS CON LA EXTRACCIÓN DE PETRÓLEO Y DE GAS, EXCEPTO LAS ACTIVIDADES DE PROSPECCIÓN', 3),
(12, 'DIVISIÓN 12 - EXTRACCIÓN DE MINERALES DE URANIO Y DE TORIO', 3),
(13, 'DIVISIÓN 13 - EXTRACCIÓN DE MINERALES METALÍFEROS', 3),
(14, 'DIVISIÓN 14 - EXPLOTACIÓN DE MINERALES NO METÁLICOS', 3);

-- --------------------------------------------------------

--
-- Estructura de tabla para la tabla `proveedores`
--

CREATE TABLE IF NOT EXISTS `proveedores` (
  `id` int(11) NOT NULL AUTO_INCREMENT,
  `tipo_identificacion_id` int(11) NOT NULL,
  `identificacion` varchar(45) DEFAULT NULL,
  `razonsocial` varchar(255) DEFAULT NULL,
  `ciudad_id` int(11) NOT NULL,
  `nombres` varchar(100) DEFAULT NULL,
  `apellidos` varchar(100) DEFAULT NULL,
  `direccion` varchar(200) DEFAULT NULL,
  `celular` varchar(45) DEFAULT NULL,
  `email` varchar(200) DEFAULT NULL,
  `telefono` varchar(45) DEFAULT NULL,
  `fax` varchar(45) DEFAULT NULL,
  `contrasena` varchar(200) DEFAULT NULL,
  `profecion` varchar(200) DEFAULT NULL,
  `portafolio` varchar(200) DEFAULT NULL,
  `estado` varchar(200) DEFAULT NULL,
  `tarjeta` varchar(200) DEFAULT NULL,
  `rut` varchar(100) DEFAULT NULL,
  `educacion` varchar(200) DEFAULT NULL,
  `camcomfecini` varchar(200) DEFAULT NULL,
  `camcomfecfin` varchar(200) DEFAULT NULL,
  `actiecon` varchar(200) DEFAULT NULL,
  `tipo_user` int(11) DEFAULT NULL,
  `tipo_entidad_id` int(11) NOT NULL,
  `tipo_proveedor_id` int(11) NOT NULL,
  PRIMARY KEY (`id`),
  KEY `fk_proveedores_tipo_identificacion1_idx` (`tipo_identificacion_id`),
  KEY `fk_proveedores_tipo_entidad1_idx` (`tipo_entidad_id`),
  KEY `fk_proveedores_tipo_proveedor1_idx` (`tipo_proveedor_id`),
  KEY `fk_proveedores_ciudad1` (`ciudad_id`)
) ENGINE=InnoDB  DEFAULT CHARSET=latin1 AUTO_INCREMENT=260 ;

--
-- Volcar la base de datos para la tabla `proveedores`
--

INSERT INTO `proveedores` (`id`, `tipo_identificacion_id`, `identificacion`, `razonsocial`, `ciudad_id`, `nombres`, `apellidos`, `direccion`, `celular`, `email`, `telefono`, `fax`, `contrasena`, `profecion`, `portafolio`, `estado`, `tarjeta`, `rut`, `educacion`, `camcomfecini`, `camcomfecfin`, `actiecon`, `tipo_user`, `tipo_entidad_id`, `tipo_proveedor_id`) VALUES
(1, 2, '1085263686', 'GIOVANNI ALEJANDRO SEPULVEDA VALENCIA COMERC', 760, 'SANDRA PATRICIA', 'VALENCIA PAZ', 'Calle 20 No 11-80 Barrio El Recuerdo', '3108124792', 'cjar_04@hotmail.com', '7307076', '7307076', 'alejandr', 'Asesora Comercial', NULL, NULL, 'tarjeta profesional', '1085263686-0', NULL, NULL, NULL, '5141', 2, 1, 1),
(2, 1, '1085275090', 'JOSE LUIS GUAQUEZ CRIOLLO', 760, 'JOSE LUIS', 'GUAQUEZ CRIOLLO', 'CLL 3 NO 34 36 B COLON', '3176873410', 'adrimarloye@hotmail.com', '7225279', '0', '1218', 'AUXILIAR', '', '', 'tarjeta profesional', '1085275090-3', '', '', '', '10', 2, 1, 2),
(3, 2, '1085268448', 'ANDRES FERNANDO PANTOJA ZAMBRANO', 760, 'ANDRES FERNANDO', 'PANTOJA ZAMBRANO', 'MZ E CS 15 SANTA MONICA', '3157480038', 'ANDRESFERNANDOPANTOJA@HOTMAIL.COM', '0', '0', '38', 'BACHILLER ACADEMICO', '', '', 'tarjeta profesional', '1085268448', '', '', '', '7493', 2, 1, 1),
(4, 1, '1085266933', 'daniela castillo caicedo', 760, 'daniela', 'castillo caicedo', 'manzana 4 casa 11 B/Villa docente', '3113253933', 'danielaza19@hotmail.com', '7362242', '7362242', 'filipich', 'abogada', '', '', 'tarjeta profesional', '1085266933-9', '', '', '', '7411', 2, 1, 1),
(5, 2, '1085277534', 'camilo andres guzman bravo', 760, 'camilo andres', 'guzman bravo', 'calle 2 sur #22a37 bachue', '3164926847', 'baronrojosurlabanda@hotmail.com', '7365593', '7208250', 'rojocapo', 'estudiante', '', '', 'tarjeta profesional', '1085277534-0', '', '', '', '7499', 2, 1, 1),
(6, 2, '1085255981', 'MARIO ANDRES ROSERO VALLEJO', 760, 'MARIO ANDRES', 'ROSERO VALLEJO', 'MANZANA 2 CASA 14 VILLAS DEL NORTE', '3155840428', 'mroserov@hotmail.com', '7214051', '7214051', '10852559', 'TECNOLOGO EN COMPUTACI?N', '', '', 'tarjeta profesional', '1085255981-5', '', '', '', '7494', 2, 1, 1),
(7, 2, '1085270960', 'ANDREA ESCOBAR CAICEDO', 760, 'PAOLA', 'ESCOBAR', 'CRA 34 N. 8 78 ACACIAS', '3012907626', 'flakaladiva@hotmail.com', '3012907626', '7226668', '10852709', 'MEDICA', '', '', 'tarjeta profesional', '1085270960-3', '', '', '', '7411', 2, 1, 2),
(8, 2, '10515768', 'MAURO BASTIDAS PAZOS', 760, 'MAURO', 'BASTIDAS', 'CARRERA 42 N?20-25', '3127212140', 'maurobastidasp@yahoo.com', '7310828', '7310828', '2035', 'INGENIERO CIVIL', '', '', 'tarjeta profesional', '10515768-5', '', '', '', '4530', 2, 1, 1),
(9, 2, '1085245466', 'jonnathan jesus ibarra solarte', 760, 'isabel', 'solarte', 'calle 27 n 27-43 CENTENARIO', '3012207563', 'jjgrone@hotmail.com', '7212936', '7212236', '2085', 'ama de casa', '', '', 'tarjeta profesional', '1085245466', '', '', '', '10', 2, 1, 2),
(10, 2, '1085268113', 'Cristian Alexander Oviedo Mejia', 760, 'Magola', 'Oviedo', 'Calle 20 No 30 - 14', '3103893447', 'coviedomejia@yahoo.es', '7311416', '7311825', 'pastoemp', 'Secretaria', '', '', 'tarjeta profesional', 'No aplica', '', '', '', '9231', 2, 1, 1),
(11, 2, '1085295363', 'DAVID GUILLERMO SANTANDER REVELO', 760, 'DAVID', 'SANTANDER', 'CRR 8 No. 19A-36 B/CHILE', '3148453221', 'santanderevdavid@hotmail.com', '3148453221', '3148453221', '.3122073', 'TECNICO', '', '', 'tarjeta profesional', '14161865246', '', '', '', '7499', 2, 1, 1),
(12, 2, '1085309044', 'Ivan Felipe Lasso', 760, 'Juan', 'Lasso', 'MZ 7 C 37 Villaflor 2', '3122078493', 'ivanfelipe1293@hotmail.com', '7360790', '7296227', '30165658', 'Estudiante', '', '', 'tarjeta profesional', '14161649466', '', '', '', '7499', 2, 1, 2),
(13, 1, '1085277504', 'LIZETH STEPHANIE GUSTIN ENRIQUEZ', 760, 'MARIO', 'MARTINEZ', 'Calle 12 No. 40 - 12 Barrio Mariluz 1', '3108464290', 'lizethstefi@hotmail.com', '7330030', '7330030', '10852775', 'ABOGADO', '', '', 'tarjeta profesional', '1085277504-1', '', '', '', '7411', 2, 1, 2),
(14, 1, '1085249727', 'Victor Moncayo', 760, 'Victor Hugo', 'Moncayo caicedo', 'Cr. 17 No. 19-39', '3155395892', '6vikox@gmail.com', '3155395892', '7202638', 'viktor24', 'Dise?o Grafico', '', '', 'tarjeta profesional', '1085249727-6', '', '', '', '7430', 2, 1, 1),
(15, 2, '12952696', 'MANUEL ANTONIO CERON GOMEZ', 760, 'MANUEL ANTONIO', 'CERON GOMEZ', 'CR 24A N. 3SUR 33 MIJITAYO', '352221042', 'macg2749@hotmail.com', '3155690095', '7', '12952696', 'MECANICO', '', '', 'tarjeta profesional', '12952696-4', '', '', '', '5030', 2, 1, 1),
(16, 2, '12959339', 'JIMMY ENRIQUEZ ARELLANO', 760, 'JIMMY', 'ENRIQUEZ ARELLANO', 'Carrera 34B # 14-58 B/San Ignacio', '3147712986', 'enriquezarellano@hotmail.com', '7290091', '7290091', '1957', 'INGENIERO CIVIL', '', '', 'tarjeta profesional', '12959339-1', '', '', '', '4530', 2, 1, 2),
(17, 2, '12960193', 'GUERRA SANCHEZ CARLOS ARTEMIO', 760, 'CARLOS ARTEMIO', 'GUERRA SANCHEZ', 'CL 18 17 75', '3147954135', 'ventas@distribucioneseldorado.com', '7330195', '7219666', 'ventasdo', 'COMERCIANTE', '', '', 'tarjeta profesional', '12960193-5', '', '', '', '5190', 2, 1, 1),
(18, 2, '12953678', 'ANIBAL ENRIQUEZ DE LA ROSA', 760, 'ANDREA', 'MESIAS CASTRILLON', 'CARRERA 19 23A15 B/CENTENARIO', '3104142285', 'estacionpuente@hotmail.com', '7217831', '7210155', 'karmensi', 'TECNOLOGO EN SISTEMAS', '', '', 'tarjeta profesional', '12953678-6', '', '', '', '5051', 2, 1, 1),
(19, 1, '12746936', 'JOSE ADALBERTO HERNANDEZ BENAVIDES', 760, 'JOSE ADALBERTO', 'HERNANDEZ BENAVIDES', 'MZ D CASA 24 B/CIUDAD JARDIN', '3122584561', 'josepit1@yahoo.es', '7204478', '7204478', 'joselita', 'ING. CIVIL', '', '', 'tarjeta profesional', '12746936-4', '', '', '', '4520', 2, 1, 2),
(20, 2, '12957441', 'LUIS HERNANDO CADENA', 760, 'PAOLA', 'CADENA', 'Cra 24 No 16- 49 apto 202', '3103927245', 'luis.h2010@live.com', '3103927245', '7298580', '12957441', 'INGENIERA DE SISTEMAS', '', '', 'tarjeta profesional', '12957441-6', '', '', '', '10', 2, 1, 2),
(21, 1, '12750669', 'd.martinez publicidad', 760, 'jairo daniel', 'martinez martinez', 'calle 12 a no 34 46', '3104415765', 'jmartinezpublicidad60@hotmail.com', '7360130', '7360130', '7290738', 'publicista', '', '', 'tarjeta profesional', '12750669dv8', '', '', '', '7430', 2, 1, 1),
(22, 2, '12745308', 'JULIO CESAR DELGADO DASTE', 760, 'JULIO CESAR', 'DELGADO DASTE', 'Sumatambo Bloques Rojos - Apartamento 402 B', '3017604899', 'leohuberman1@hotmail.com', '7239830', '7312260', '60010jul', 'ABOGADO ESPECIALIZADO SERVICIOS PUBLICOS DOM', '', '', 'tarjeta profesional', '12745308', '', '', '', '7411', 2, 1, 1),
(23, 1, '12955230', 'JAIME VICTORIANO BENAVIDES ROSERO', 760, 'JAIME VICTORIANO', 'BENAVIDES ROSERO', 'CASA 5 ETAPA 1 BARRIO EL TEJAR', '0', 'NO TENGO', '7304002', '0', 'JVBR', 'ECONOMISTA', '', '', 'tarjeta profesional', '12.955.230 - 1', '', '', '', '7320', 2, 1, 2),
(24, 1, '12960520', 'LIBARDO CABRERA - PRISMA IMPRESORES', 760, 'LIBARDO HUMBERTO', 'CABRERA GAMEZ', 'CALLE 18 No. 29-14', '3182530896', 'imprismapasto@yahoo.es', '7313111', '7316024', '12960', 'ECONOMISTA', '', '', 'tarjeta profesional', '12960520', '', '', '', '2220', 2, 1, 1),
(25, 2, '1087409184', 'Maira Alejandra Paredes', 760, 'Maira Alejandra', 'Paredes Oviedo', 'calle 13 No. 28 - 29', '3146808739', 'mayrispao@hotmail.com', '0', '0', '23039256', 'Ing .Sistemas', '', '', 'tarjeta profesional', '1067409184-1', '', '', '', '', 2, 1, 2),
(26, 1, '12746441', 'No name Ortiz Rojas', 760, 'No name', 'Ortiz Rojas', 'Calle 19D No. 43-82 Portal Valle de Atriz', '3104085727', 'jorgeortiz_r@yahoo.es', '7316193', '73116193', 'lauramar', 'Ingeniero Civil', '', '', 'tarjeta profesional', '12746441-0', '', '', '', '4530', 2, 1, 1),
(27, 1, '12753406', 'JAIRO FERNANDO SALAZAR FAJARDO', 760, 'JAIRO FERNANDO', 'SALAZAR FAJARDO', 'MZ 7 CASA 14 B/ TAMASAGRA 1 ETAPA', '3014102527', 'kheikho@hotmail.com', '7367526', '7367526', '12753406', 'INGENIERO SANITARIO Y AMBIENTAL', '', '', 'tarjeta profesional', '12753406-1', '', '', '', '10', 2, 1, 1),
(28, 2, '12954719', 'ALMACEN SEBAS SPORT', 760, 'JORGE', 'BOLA?OS ACHICANOY', 'CRA 14 NRO.20-40', '3166206735', 'saboz79@hotmail.com', '7363710', '7363710', '123', 'COMERCIANTE', '', '', 'tarjeta profesional', '12954719-4', '', '', '', '9309', 2, 1, 1),
(29, 2, '12753864', 'GABRIEL ALEJANDRO ROSALES MORILLO', 760, 'GABRIEL ALEJANDRO', 'ROSALES MORILLO', 'Carrera 33 N?. 1 - 91 B/ LA PRIMAVERA', '3177485492', 'galejo_527@hotmail.com', '3177485492', '7238716', 'src11nov', 'ABOGADO', '', '', 'tarjeta profesional', '12753864-1', '', '', '', '7430', 2, 1, 2),
(30, 1, '12751084', 'JULIAN ANTONIO NARVAEZ PIANDA', 760, 'JULIAN ANTONIO', 'NARVAEZ PIANDA', 'GENOY CENTRO CASA 103', '3104264803', 'julian.narvaez@hotmail.com', '7232287', '7232287', '12751084', 'INDEPENDIENTE', '', '', 'tarjeta profesional', '12751084', '', '', '', '8519', 2, 1, 1),
(31, 2, '12960241', 'JESUS ANTONIO MAIGUAL', 760, 'JOSE', 'VALLEJO', 'Mz 51 C 18 Barrio Chamb?', '3155905322', 'jesusmaigual@hotmail.com', '7200358', '7200358', '12960241', 'EMPRESARIO', '', '', 'tarjeta profesional', '12960241', '', '', '', '8519', 2, 1, 1),
(32, 1, '12963567', 'CONSTRUVENTAS FERRETERIA', 760, 'Juan', 'Achicanoy', 'cra 11 N? 16a10 esq.barrio Fatima', '3155811113', 'juanachicanoy@hotmail.com', '7212596', '7212596', 'hectorav', 'comerciante ferretero', '', '', 'tarjeta profesional', '12963567-1', '', '', '', '5190', 2, 1, 1),
(33, 2, '12963033', 'JAIME ROBERTO ZAMUDIO VEGA', 760, 'Gerardo', 'Rosero', 'Cra. 37 N. 20-42', '3008895192', 'jrzamu@gmail.com', '7311356', '7312048', 'jaza1956', 'Ingeniero civil', '', '', 'tarjeta profesional', '12963033-09', '', '', '', '4530', 2, 1, 1),
(34, 2, '12969133', 'Carlos Efra?n Portilla Santander', 760, 'Carlos', 'Portilla', 'Carrera 33 No. 16-47', '3006154328', 'cportilla.santander@gmail.com', '7227378', '7227378', 'ingeint', 'Ingeniero Civil', '', '', 'tarjeta profesional', '12969133-4', '', '', '', '4520', 2, 1, 2),
(35, 2, '12962946', 'SEGUNDO FABIAN ERASO BURBANO', 760, 'FABIAN', 'ERASO', 'CRA 24 # 17-75 OF. 701B - PASTO', '3154027412', 'fabianeraso@hotmail.com', '7234478', '7234478', '9999', 'INGENIERO CIVIL', '', '', 'tarjeta profesional', '4530', '', '', '', '4520', 2, 1, 1),
(36, 2, '12967211', 'EDGAR H ARCOS RAMOS', 760, 'EDGAR', 'ARCOS', 'VILLA VERGEL BLOQUE D1 APTO 517', '3155824980', 'arcosramos517@hotmail.com', '7293610', '7293610', '10201', 'INGENIERO CIVIL', '', '', 'tarjeta profesional', '12967211-1', '', '', '', '4530', 2, 1, 1),
(37, 1, '12969850', 'SISALTEC Y/O ALBERTO DE LA ROSA', 760, 'OLGA', 'GOMEZ DUQUE', 'CRA 38 No 20-22 av los estudiantes', '3155811004', 'gerencia@sisaltec.com', '7311353', '7312156', 'sisaltec', 'GERENCIA ADTIVA', '', '', 'tarjeta profesional', '12969850', '', '', '', '5241', 2, 1, 1),
(38, 1, '12969041', 'Alvaro Carvajal Ni?o y/o Distribuciones Elec', 760, 'Alvaro', 'Carvajal Ni?o', 'Calle 22 No.20B-21', '3155405949', 'distrielectricasac@gmail.com', '7212470', '7210026', 'alvarocn', 'Comerciante', '', '', 'tarjeta profesional', '12969041-5', '', '', '', '5241', 2, 1, 1),
(39, 1, '12962269', 'FERRETERIA J. ALBERTO', 760, 'JOSE ALBERTO', 'JURADO CALVACHE', 'CRA. 20 No. 19-75', '3164824978', 'jalbertojur@yahoo.es', '7214643', '7210808', 'mrjc2105', 'GERENTE', '', '', 'tarjeta profesional', '12962269', '', '', '', '5241', 2, 1, 1),
(40, 2, '12962750', 'JORGE ENRIQUE AREVALO BENAVIDES', 760, 'JORGE ENRIQUE', 'AREVALO BENAVIDES', 'Manzana 6 Casa 2 Barrio La Florida', '3116492971', 'jorgearebe@yahoo.es', '7308823', '927301768', 'JUANITO', 'INGENIERO CIVIL', '', '', 'tarjeta profesional', '12962750-7', '', '', '', '7421', 2, 1, 1),
(41, 1, '12962763', 'Palacios Publicidad', 760, 'Said Mauricio', 'Ceballos Ojeda', 'Calle 21 N. 26 - 72 Centro', '3117625750', 'palacios_publicidad@yahoo.es', '7293143', '7335318', '343434', 'Ingeniero de Sistemas', '', '', 'tarjeta profesional', '12962763', '', '', '', '2220', 2, 2, 2),
(42, 2, '12967249', 'LUIS FELIPE BURBANO VIVAS', 760, 'JOSE', 'CUASPA', 'NIZA 2 APARTAMENTO 201 BQ 46', '3154669301', 'luisfevibur@hotmail.com', '0', '0', '12967249', 'ADMINISTRADOR', '', '', 'tarjeta profesional', '12967249', '', '', '', '4542', 2, 1, 1),
(43, 2, '12961765', 'MOTOREPUESTOS', 760, 'CARLOS ALBERTO', 'BRAVO ERAZO', 'CRA 16 N 16-73 AIRE LIBRE', '3207395151', 'cabeyalpa@yahoo.com.ar', '7219692', '7210957', 'motorep1', 'COMERCIANTE', '', '', 'tarjeta profesional', '5040', '', '', '', '5040', 2, 1, 1),
(44, 2, '12961771', 'EDGAR ENRIQUE SALAZAR JIMENEZ', 760, 'EDGAR ENRIQUE', 'SALAZAR JIMENEZ', 'CALLE 20 No31B30', '3147753706', 'edensaji54@hotmail.com', '7363232', '7363232', 'edensaji', 'INGENIERO CIVIL', '', '', 'tarjeta profesional', '12961771-7', '', '', '', '7421', 2, 1, 1),
(45, 1, '12966878', 'MULTISERVICIOS Y MADERABLES', 760, 'WHILER KEITEL', 'SOLARTE ORTIZ', 'CRA. 24 No. 22-46', '3006600642', 'multiserviciosmaderables@hotmail.c', '7205701', '7231857', 'MARIO', 'Dise?ador Industrial', '', '', 'tarjeta profesional', '12966878', '', '', '', '5244', 2, 1, 1),
(46, 2, '12974618', 'LUIS ANTONIO DULCE DELGADO', 760, 'JENNY', 'DEVRIES', 'PUCALPA II', '3113628046', 'luisantoniodulce@yahoo.es', '3113628046', '7230438', '12974618', 'AMA DE CASA', '', '', 'tarjeta profesional', '12974618-2', '', '', '', '4530', 2, 1, 1),
(47, 1, '12972530', 'GABRIEL JURADO DELGADO', 760, 'Nancy', 'Montenegro', 'Calle 16 35A-10 Los Nogales Apto. 3-3', '3006514419', 'gabojd@gmail.com', '7366139', '0', '2530', 'Asesora Comercial', '', '', 'tarjeta profesional', '12972530-6', '', '', '', '7499', 2, 1, 2),
(48, 1, '12973825', 'RAMIRO ERASO BELALCAZAR', 760, 'Ramiro', 'Eraso Belalcazar', 'Carrera 33 No. 8-61 Pasto', '3148940461', 'ramiroeraso@hotmail.com', '7291988', '7291988', 'yaseca73', 'Ingeniero Hidrot?cnico', '', '', 'tarjeta profesional', '12973825-8', '', '', '', '', 2, 1, 1),
(49, 2, '12975490', 'CLAUDIO JULIAN BURBANO PINCHAO', 760, 'CLAUDIO', 'BURBANO', 'Calle 18A N? 43A-46 Barrio Pandiaco', '3156603130', 'cbmcautm@gmail.com', '7360044', '7360044', 'julian20', 'INGENIERO MECANICO', '', '', 'tarjeta profesional', '12975490-3', '', '', '', '5020', 2, 1, 2),
(50, 2, '12977829', 'MAURO CARLOS SANTACRUZ ORTEGA', 760, 'ALVARO ARMANDO', 'SANTACRUZ ORTEGA', 'CRA 19 No 23-46 BARRIO CENTENARIO', '3128714192', 'maqui_metal@hotmail.com', '7210935', '7210758', 'sofito', 'INGENIERO MECANICO', '', '', 'tarjeta profesional', '12977829-5', '', '', '', '2710', 2, 1, 1),
(51, 2, '12978203', 'HUGO ROBERTO LOPEZM MONTEZUMA', 760, 'hugo Roberto', 'Lopez Montezuma', 'Calle 22 No 1A - 55 Parque BAviera', '3155609826', 'hlopezmontezuma@gmail.com', '7322641', '7305446', 'hugolomo', 'Ingeniero Civil', '', '', 'tarjeta profesional', '12978203', '', '', '', '7421', 2, 1, 2),
(52, 1, '12974166', 'Electrocom Carlos Delgado', 760, 'Carlos Armando', 'Delgado Enrriquez', 'Calle 14 No 37-20 INT 31', '3154924672', 'electrocom.casa@gmail.com', '7234313', '7234313', 'electroc', 'Tecnico Comunicaciones', '', '', 'tarjeta profesional', '12974166-7', '', '', '', '5141', 2, 1, 2),
(53, 2, '12970728', 'JOSE MARCELO ZUTTA BURBANO', 760, 'JOSE MARCELO', 'ZUTTA BURBANO', 'CALLE 13A N?17-29', '3155313516', 'fundizuv@hotmail.com', '7212227', '7207285', 'goliat', 'INGENIERO METALURGICO', '', '', 'tarjeta profesional', '12970728-8', '', '', '', '7421', 2, 1, 1),
(54, 2, '12972711', 'JIMMY MONTUFAR RICAURTE', 760, 'JIMMY ALFREDO', 'MONTUFAR RICAURTE', 'CARRERA 26 No 17-40 OF 415 PASAJE DEL LICEO', '3006112189', 'jimmymontufar@gmail.com', '7361286', '7361286', 'jmr41531', 'INGENIERO CIVIL', '', '', 'tarjeta profesional', 'REGIMEN COMUN', '', '', '', '4530', 2, 1, 2),
(55, 2, '12972840', 'ALVARO GERMAN FLOREZ ARAUJO', 760, 'ALVARO GERMAN', 'FLOREZ ARAUJO', 'Carrera 32 No 1 OESTE - 15 barrio Villa Sof', '3015332568', 'alvafar100@hotmail.com', '7237892', '7237892', 'german14', 'INGENIERO CIVIL', '', '', 'tarjeta profesional', '12972840 - 4', '', '', '', '4530', 2, 1, 1),
(56, 2, '12973206', 'HEBER MAURICIO REVELO G', 760, 'HEBER MAURICIO', 'REVELO GUERRERO', 'CALLE 12 No 30 A 35', '3006206726', 'hebermauricio@hotmail.com', '7225455', '7225455', 'heber01', 'INGENIERO CIVIL', '', '', 'tarjeta profesional', '12973206-9', '', '', '', '7421', 2, 1, 1),
(57, 2, '12973729', 'Luis Alejandro Jimenez', 760, 'Luis Alejandro', 'Jimenez Moncayo', 'Maz 26 casa No. 8 B/ La Minga', '3122723460', 'Luisjimenez@hotmail.com', '7305099', '7305099', '1111', 'Empleado', '', '', 'tarjeta profesional', '12973729', '', '', '', '7499', 2, 1, 2),
(58, 2, '12972828', 'fernando moreno segovia', 760, 'fernando', 'moreno', 'cra 34 No 19-71', '3166139016', 'fercho.moreno@yahoo.es', '316139016', '3166139016', 'dmmp', 'independiente', '', '', 'tarjeta profesional', '12972828', '', '', '', '9309', 2, 1, 1),
(59, 2, '12973954', 'Taller Industrial L?pez', 760, 'Carlos Alfonso', 'L?pez', 'calle 14 #16 -35 julian bucheli', '3017430875', 'cefaloga98@gmail.com', '3017430875', '3017430875', 'jerusale', 'mecanico indutrial - torno', '', '', 'tarjeta profesional', '12973954-1', '', '', '', '2710', 2, 1, 1),
(60, 2, '12975127', 'Jorge Ernesto Caicedo Santander', 760, 'Jorge Ernesto', 'Caicedo Santander', 'Carrera 23 No. 25-39', '3006101931', 'jorgecs1@live.com', '7214287', '7214287', '12975127', 'Ingeniero Civil', '', '', 'tarjeta profesional', '12975127-4', '', '', '', '10', 2, 1, 2),
(61, 1, '12973279', 'JORGE AUGUSTO CHAVES MENDEZ', 760, 'JORGE AUGUSTO', 'CHAVES MENDEZ', 'Calle 22 No 25 - 46', '3003205045', 'jorgechaves61@hotmail.com', '7232659', '7232659', '12973279', 'Especialista en Educacion Ambiental', '', '', 'tarjeta profesional', '12973279', '', '', '', '7421', 2, 1, 2),
(62, 2, '12975282', 'JAIRO ESPA?A PAREDES Y/O COM.COLANTA', 760, 'Jairo Antonio', 'Espa?a Paredes', 'calle 18 17-47 centro', '3184635733', 'comcolanta@hotmail.com', '7213606', '7213606', '12975282', 'Zootecnista', '', '', 'tarjeta profesional', '12975282', '', '', '', '5135', 2, 1, 1),
(63, 2, '12984623', 'LUIS CARLOS RENDON CORDOBA', 760, 'adriana', 'guerrero', 'CARRERA 35 A No. 19-37', '3117699390', 'luiscarlosrendonc@hotmail.com', '7314694', '7314694', 'sertec', 'ingeniero civil', '', '', 'tarjeta profesional', '12984623-4', '', '', '', '4530', 2, 1, 2),
(64, 2, '12987316', 'HAROLD ERNESTO ORDO?EZ AGREDA', 760, 'HAROLD ERNESTO', 'ORDO?EZ AGREDA', 'CONDOMINIO AQUINE 1 INTERIOR 30', '3185021830', 'haroldagreda@hotmail.com', '7219727', '7207257', 'STEFFANI', 'INGENIERO CIVIL', '', '', 'tarjeta profesional', '12987316-1', '', '', '', '7421', 2, 1, 1),
(65, 1, '12980284', 'RICARDO MESIAS BENAVIDES', 760, 'ADIELA', 'CASTILLO', 'CRA 41 No 15A-03', '3214095587', 'ricmesias@hotmail.com', '7310654', '7310654', '101363', 'DOCENTE', '', '', 'tarjeta profesional', '14158181949', '', '', '', '7421', 2, 1, 2),
(66, 2, '12981032', 'JAVIER ROSERO ROSERO', 760, 'JAVIER', 'ROSERO ROSERO', 'CALLE 18 No 27-84 OF 201', '3155833377', 'jrimpo@yahoo.com', '7290270', '7290270', '12981032', 'INGENIERO QUIMICO', '', '', 'tarjeta profesional', '12981032-8', '', '', '', '9309', 2, 1, 1),
(67, 2, '12978735', 'EDUARDO EFRAIN HIDALGO ARCOS', 760, 'ESPERANZA A.', 'ARCOS CABRERA', 'Calle 14A # 39-33 Margaritas', '3122895009', 'esteduar@gmail.com', '7290097', '7290097', 'copito', 'Jubilado', '', '', 'tarjeta profesional', '1400406766-9', '', '', '', '7421', 2, 1, 2),
(68, 2, '12988620', 'Mauricio Javier Rodriguez Lasso', 760, 'MAURICIO JAVIER', 'RODRIGUEZ LASSO', 'CARRERA 42 BIS No. 16C - 41 LA COLINA', '3007738475', 'mjrlss66@hotmail.com', '7360578', '7334348', 'mj.77384', 'INGENIERO CIVIL', '', '', 'tarjeta profesional', '129886200', '', '', '', '4520', 2, 1, 2),
(69, 2, '12987077', 'carlos burbano goyes', 760, 'carlos segundo', 'burbano goyes', 'manzana 3 casa 4 urbanizacion villa aurora', '3155015807', 'casebugo@hotmail.com', '7226416', '7226416', 'casebugo', 'ingeniero civil', '', '', 'tarjeta profesional', '12987077-6', '', '', '', '4530', 2, 1, 1),
(70, 2, '12987500', 'MELVIN LEE ORTIZ GUERRERO', 760, 'MELVIN', 'ORTIZ', 'CARRERA 41 No.16B - 56', '3006536613', 'melvinleeortiz@gmail.com', '7313697', '7313697', 'nivlem', 'INGENIERO CIVIL', '', '', 'tarjeta profesional', '12987500-0', '', '', '', '7421', 2, 1, 1),
(71, 2, '12978448', 'JUAN CARLOS TRUJILLO DELGADO', 760, 'JUAN CARLOS', 'TRUJILLO DELGADO', 'CALLE 18 No. 61 - 70', '3128512008', 'jctrujillo6222@yahoo.es', '7310173', '7310173', 'edna2362', 'INGENIERO CIVIL', '', '', 'tarjeta profesional', '12.978.448-7', '', '', '', '7421', 2, 1, 2),
(72, 2, '12988147', 'Oscar Alirio Bravo Villota', 760, 'Oscar Alirio', 'Bravo Villota', 'Calle 10 No. 14-05 Barrio San Miguel', '3136516068', 'bravovillota@yahoo.es', '7214605', '7214605', '12988147', 'Ingeniero Civil', '', '', 'tarjeta profesional', '12988147-8', '', '', '', '7421', 2, 1, 1),
(73, 2, '12983024', 'alfredo jurado miranda', 760, 'Leonardo Alfredo', 'Jurado Miranda', 'avenida Mijitayo edificio Rincon del Bosque', '3116058887', 'cucufredo@yahoo-es', '7236750', '7236750', 'agonisa1', 'Ingeniero Civil', '', '', 'tarjeta profesional', '12983024 8', '', '', '', '4530', 2, 1, 1),
(74, 2, '12978367', 'GERMAN ERNESTO LOPEZ GUAYASAMIN', 760, 'german', 'lopez', 'Calle 23 No. 18-54', '3104349725', 'gerlogua@hotmail.com', '7219149', '7219149', 'tabato', 'ingeniero civil', '', '', 'tarjeta profesional', '7421', '', '', '', '7421', 2, 1, 1),
(75, 2, '12986799', 'ABCDECORAMBIENTES', 760, 'Byron Alfredo', 'Botina Pazos', 'Cr. 25 No. 20-65 Edificio Calle Real Local 1', '3187078486', 'gerencia@abcdecorambientes.com.co', '7335335', '7335335', 'decoramb', 'Asesor y Dise?ador Comercial', '', '', 'tarjeta profesional', '12986799-0', '', '', '', '5239', 2, 1, 1),
(76, 1, '12985931', 'FRANKLIN MARTIN BELALCAZAR ORTIZ', 760, 'Amanda', 'Ramos', 'Calle 22 N? 15-108 La Gran Colombia', '3014264320', 'martinbelalcazar@hotmail.com', '7201158', '7201158', '19650507', 'Ingeniero Civil', '', '', 'tarjeta profesional', '12985931-2', '', '', '', '7421', 2, 1, 1),
(77, 2, '12989034', 'LIBARDO ERASO H IDALGO', 760, 'LIBARDO', 'ERASO HIDALGO', 'CARRERA 31 B No. 20-17', '3127761362', 'libardoeraso@hotmail.com', '7314548', '7314548', 'ZENAIDA', 'INGENIERO CIVIL', '', '', 'tarjeta profesional', '14125610011', '', '', '', '4530', 2, 1, 1),
(78, 1, '12980291', 'DIEGO ERNESTO GUERRA BURBANO', 760, 'DIEGO ERNESTO', 'GUERRA BURBANO', 'Carrera 32B No. 19-54', '3155800333', 'guerradiegoe@hotmail.com', '7316500', '7316500', '12980291', 'INGENIERO CIVIL', '', '', 'tarjeta profesional', '12980291-4', '', '', '', '4530', 2, 1, 2),
(79, 2, '12981840', 'ALBEIRO GERARDO BURBANO TAJUMBINA', 760, 'ALBEIRO GERARDO', 'BURBANO TAJUMBINA', 'CALLE 12 No. 18 - 38 Av. Boyac', '3216408076', 'albeirob1@hotmail.com', '7360998', '7360998', 'empalbur', 'INGENIERO CIVIL', '', '', 'tarjeta profesional', '12981840-2', '', '', '', '7421', 2, 1, 1),
(80, 2, '12985291', 'OTTO ORLANDO GOMEZ DELGADO', 760, 'OTTO ORLANDO', 'GOMEZ DELGADO', 'CARRERA 43 No. 19C - 25 BL 1 APT 501', '3206766917', 'otgomez12@hotmail.com', '7362704', '7362704', 'gomezdel', 'INGENIERO CIVIL', '', '', 'tarjeta profesional', '12985291-7', '', '', '', '7421', 2, 1, 1),
(81, 1, '12985856', 'PABLO EMILIO JIMENEZ QUENGUAN', 760, 'PABLO EMILIO', 'JIMENEZ QUENGUAN', 'CRA 4E N?17-78 LORENZO', '3128320180', 'pablojimenezq@hotmaul.com', '7305588', '7305588', 'JAIROANI', 'INGENIERO C IVIL', '', '', 'tarjeta profesional', '8513', '', '', '', '4530', 2, 1, 1),
(82, 1, '12991735', 'RICARDO ENRIQUEZ ARELLANO', 760, 'RICARDO', 'ENRIQUEZ', 'CALLE 15 No 34-76 APTO. 201 B', '3147712985', 'ricardoenriqueza@hotmail.com', '7297651', '7290091', 'liliana', 'INGENIERO CIVIL', '', '', 'tarjeta profesional', '12991735-1', '', '', '', '4530', 2, 1, 2),
(83, 1, '12991266', 'JOSE JESUS SOLARTE PASTAS', 760, 'JOSE JESUS', 'SOLARTE PASTAS', 'CARRERA 15B No. 19-45. BARRIO JAVERIANO', '3155680796', 'josesolartepastas@hotmail.com', '7361508', '', '5680', 'INGENIERO CIVIL', '', '', 'tarjeta profesional', '12991266-7', '', '', '', '7421', 2, 1, 1),
(84, 2, '12992919', 'Jairo Martinez Miranda', 760, 'jairo', 'Martinez Miranda', 'Condominio Villa Vergel Bloque A1 apto 429', '3007791243', 'jairomartinez1997@hotmaill.com', '7215264', '7367597', 'peluza', 'Ingeniero Civil', '', '', 'tarjeta profesional', '12992919-2', '', '', '', '4520', 2, 1, 1),
(85, 2, '12995300', 'MOISES MARTINEZ VARGAS', 760, 'MOISES', 'MARTINEZ', 'CRA. 24 No. 29-33 Oficina 314', '3113725243', 'momartinez_v@hotmail.com', '7235276', '7235276', '4592', 'INGENIERO CIVIL', '', '', 'tarjeta profesional', '12995300-8', '', '', '', '7421', 2, 1, 1),
(86, 2, '12991122', 'yovany eduardo unigarro santacruz', 760, 'yovany eduardo', 'unigarro santacruz', 'ED C COMERCIO OF 614', '3122873706', 'obanus@hotmail.com', '7312839', '7312839', '12991122', 'ingeniero civil', '', '', 'tarjeta profesional', '12991122-5', '', '', '', '7421', 2, 1, 2),
(87, 2, '12992113', 'Efra?n Santander Espa?a', 760, 'Isabel Carlina', 'Santander Buritica', 'Calle 21 A No. 31 A - 76', '3155147693', 'consorciosh@yahoo.es', '7315607', '7315607', 'diosayud', 'Ingeniera Civil', '', '', 'tarjeta profesional', 'Comun', '', '', '', '4520', 2, 1, 1),
(88, 2, '12996236', 'YONI IBAN ROMO ROSERO', 760, 'YONI IBAN', 'ROMO ROSERO', 'CLL 21B 15-94', '3186020413', 'jhony@hotmail.com', '3186020413', '0', 'ivan', 'TECNICO AUXILIAR ADMINISTRATIVO', '', '', 'tarjeta profesional', '12996236', '', '', '', '9309', 2, 1, 2),
(89, 2, '12992783', 'MARIO FERNANDO VELA JAULIN', 760, 'ALEXANDER', 'WOODCOOCK RENGIFO', 'CRA. 31 C No. 19 - 30', '3176707282', 'fervela1@yahoo.es', '7236628', '7311041', '680719', 'INGENIERO CIVIL', '', '', 'tarjeta profesional', '12992783-8', '', '', '', '7421', 2, 1, 1),
(90, 2, '12998270', 'ORLANDO GERARDO BENAVIDES CACERES', 760, 'ORLANDO GERARDO', 'BENAVIDES CACERES', 'CALLE 17 No 34A40', '3175004356', 'orlando70b@yahoo.com', '7310262', '7310262', 'orlando7', 'ORLANDO GERARDO', '', '', 'tarjeta profesional', '14298123456', '', '', '', '4530', 2, 1, 2),
(91, 2, '12996429', 'JAVIER ANDRES RUEDA ZARAMA', 760, 'JAVIER ANDRES', 'RUEDA ZARAMA', 'CRA. 36 No. 13 - 11 AV. PANAMERICANA', '3188270209', 'andrecho8@hotmail.com', '7297906', '7297906', 'pocahont', 'INGENIERO CIVIL', '', '', 'tarjeta profesional', '12996429-3', '', '', '', '4530', 2, 1, 1),
(92, 1, '12995699', 'ZONA DE BATERIAS', 760, 'KAREN', 'TAPIA', 'CL 20 A 11 05 BRR EL RECUERDO', '3117702987', 'zonadebateriasrmn@hotmail.com', '7212495', '7212495', '123roman', 'ADMINISTRADOR', '', '', 'tarjeta profesional', '12995699-0', '', '', '', '5030', 2, 1, 1),
(93, 2, '12990725', 'RICARDO ARTURO VILLOTA ROJAS', 760, 'RICARDO ARTURO', 'VILLOTA ROJAS', 'CRA. 45 No. 18-30 AP. 103 ED. ALICANTE', '3113932387', 'ingericardovillota@gmail.com', '7315855', '7360802', '12990725', 'INGENIERO CIVIL', '', '', 'tarjeta profesional', '12010', '', '', '', '4530', 2, 1, 2),
(94, 2, '12995248', 'OSCAR HUMBERTO NAVARRO CSATRO', 760, 'OSCAR HUMBERTO', 'NAVARRO CASTRO', 'Mz D Casa 5 B/ Aquine 3 Sector 2', '3154953487', 'evorneca@hotmail.com', '7201518', '7311686', '12995248', 'Ingeniero Civil', '', '', 'tarjeta profesional', '12995248', '', '', '', '7421', 2, 1, 2),
(95, 2, '12996884', 'ANDRES FELIPE ARANGO PAVA', 760, 'ANDRES FELIPE', 'ARANGO PAVA', 'CARRERA 33D No. 1A70 VILLA CAMPANELA', '3015016809', 'afap-ing@hotmail.com', '7239298', '7239298', '12996884', 'INGENIERO CIVIL', '', '', 'tarjeta profesional', '12996884-1', '', '', '', '7421', 2, 1, 2),
(96, 2, '12996743', 'ENRIQUE ARTURO INSUASTY BLANCO', 760, 'enrique arturo', 'insuasty blanco', 'Carrera 36 No 11-19 Apto 301 B/Panamericano', '3168348993', 'einsuastyb@hotmail.com', '7227571', '7227571', '1233214', 'ingeniero civil', '', '', 'tarjeta profesional', '12996743-1', '', '', '', '7421', 2, 1, 1),
(97, 2, '12994494', 'HAROLD FERNANDO PORTILLA HUERTAS', 760, 'HAROLD', 'HUERTAS', 'Manzana 46 Casa 6 Altos de la Colina', '3154209293', 'haroldhuertas@hotmail.com', '3154209293', '3154209293', 'humor', 'Trabajador independiente', '', '', 'tarjeta profesional', '12994494', '', '', '', '5239', 2, 1, 2),
(98, 2, '12990120', 'MARTIN HERNANDO BASTIDAS BURBANO', 760, 'JAVIER', 'ESCANDON', 'CALLE 15 N? 41-71 SAN JUAN DE DIOS', '3117196719', 'mherbb2002@yahoo.es', '7235884', '7235884', '67077007', 'INGENIERO CIVIL', '', '', 'tarjeta profesional', '12990120-6', '', '', '', '4530', 2, 1, 1),
(99, 2, '13063018', 'GUILLERMO GERMAN CORDOBA CASANOVA', 760, 'GUILLERMO GERMAN', 'CORDOBA CASANOVA', 'MZ 10 CS 18 BARRIO LA FLORIDA', '3146403027', 'geco77@hotmail.com', '7208890', '7208890', '13063018', 'TOPOGRAFO', '', '', 'tarjeta profesional', '13063018 - 1', '', '', '', '4512', 2, 1, 2),
(100, 1, '13011629', 'HOMERO ERNESTO FUERTES LEYTON', 760, 'HOMERO ERNESTO', 'FUERTES LEYTON', 'CARRERA 22A N? 14-105 - PASTO', '3155283593', 'fuertesley@hotmail.com', '7233572', '7233572', '252', 'INGENIERO CIVIL', '', '', 'tarjeta profesional', '14172412573', '', '', '', '4530', 2, 1, 1),
(101, 2, '13060302', 'JESUS ARTURO MORA BRAVO', 760, 'Hernando', 'P?rez', 'CRA 44A No. 16A-55', '3155815616', 'jambcivil@hotmail.com', '7330207', '7330207', 'mendozaf', 'Ing. Civil', '', '', 'tarjeta profesional', '13060302-3', '', '', '', '4530', 2, 1, 1),
(102, 2, '13072850', 'MARIO FERNANDO ERASO ADARME', 760, 'MARIA FERNANDA', 'INSUASTY RAMOS', 'Bloque Rojo 03 Apto 104 B/Sumatambo', '3017909782', 'marioerasoa@yahoo.com', '7228156', '7228156', 'adarme17', 'INGENIERA CIVIL', '', '', 'tarjeta profesional', '13072850-1', '', '', '', '7421', 2, 1, 1),
(103, 1, '13070411', 'JOSE OSCAR', 760, 'JOSE OSCAR', 'ZAMBRANO', 'MZ 41 CASA 10 TAMASAGRA', '3007782893', 'omerlin6@hotmail.com', '3007782903', '7294373', 'vertice', 'ESP GERENCIA DE PROYECTOS', '', '', 'tarjeta profesional', '13070411', '', '', '', '9309', 2, 1, 1),
(104, 2, '13071108', 'DARWIN DUVER ROSERO VEGA', 760, 'CHRISTIAN', 'ROSERO', 'CRA. 19 No. 25-70 BARRIO ALAMEDA', '3176669704', 'darveg_ic@hotmail.com', '7323665', '7323665', '13071108', 'ADMINISTRADOR DE EMPRESAS', '', '', 'tarjeta profesional', '13071108-8', '', '', '', '7421', 2, 1, 1),
(105, 1, '13060322', 'JESUS ALBERTO GARZON BARAHONA', 760, 'JESUS ALBERTO', 'GARZON BARAHONA', 'CALLE 19 N? 27 - 05 OFICINA 406', '3006181699', 'jgbing@hotmail.com', '7229283', '7232922', 'GARZON12', 'INGENIERO CIVIL', '', '', 'tarjeta profesional', '13060322-0', '', '', '', '4530', 2, 1, 1),
(106, 1, '15812847', 'iatecno', 760, 'JOSE ISRAEL', 'VALENCIA LUNA', 'Cra. 24 No 15 60 local 104 C. C. San Agustin', '3146751980', 'iatecno@gmail.com', '7296147', '7296147', '15812847', 'SISTEMAS', '', '', 'tarjeta profesional', '15812847-0', '', '', '', '5243', 2, 1, 1),
(107, 2, '13062770', 'OMAR BENAVIDES VILLOTA', 760, 'LUIS CARLOS', 'BENAVIDES VILLOTA', 'Manzana j Casa 2 villa de los rios', '3136990503', 'ransaing@hotmail.com', '3136990503', '7224046', '52202800', 'ZOOTECNISTA', '', '', 'tarjeta profesional', '1362770', '', '', '', '7421', 2, 1, 1),
(108, 2, '16681487', 'Nestor Raul Torres Soto', 1070, 'Nestor Raul', 'Torres Soto', 'Cra, 80B N? 48A-114', '3007775702', 'nerato0@yahoo.com', '3167104405', '923960669', 'clarai20', 'Tecnico en Sistemas', '', '', 'tarjeta profesional', '16681487-2', '', '', '', '5269', 2, 1, 2),
(109, 1, '15811635', 'ALVARO MILTON AREVALO CASTILLO', 760, 'CARLOS EDUARDO', 'MONTILLA TOBAR', 'C. C. Sebasti?n de Belalcazar - Torre A- Ofi', '3156602111', 'alvaroarevalo1@gmail.com', '7296029 - 7', '7296029 - 7', 'alarca', 'Ingeniero Sanitario', '', '', 'tarjeta profesional', '15811635-1', '', '', '', '4530', 2, 1, 2),
(110, 1, '17176571', 'IMPRESIONES ANGEL', 760, 'BRIGITTE', 'PANTOJA ZAMBRANO', 'CALLE 17 No 27 - 64', '3003102108', 'impresoresangel@hotmail.com', '7292437', '7292437', 'ANGEL', 'TEC.COMERCIO EXTERIOR', '', '', 'tarjeta profesional', '17176571-1', '', '', '', '9309', 2, 1, 1),
(111, 2, '1793493', 'NICANOR VASQUEZ M. SUC', 760, 'MANUEL ENRIQUE', 'VASQUEZ ERASO', 'CALLE 18 No 23-79', '3127769260', 'papeleria.moderna@telecom.com.co', '7235566', '7235764', 'kikito', 'CONTADOR PUBLICO', '', '', 'tarjeta profesional', '1.793.493-3', '', '', '', '9309', 2, 1, 1),
(112, 2, '16723707', 'JUAN CARLOS VILLAMARIN G', 760, 'JUAN CARLOS', 'VILLAMARIN G', 'CLL 19 No 29-11 EDIF. SINDAMANOY APTO 11-01', '3015790635', 'juankvilla_66@hotmil.com', '7311298', '7312960', 'alejandr', 'ARQUITECTO', '', '', 'tarjeta profesional', '16.723.707-1', '', '', '', '7421', 2, 1, 2),
(113, 1, '17176044', 'ENRIQUE ALBERTO VELA VELA', 760, 'ENRIQUE ALBERTO', 'VELA VELA', 'CALLE 22 41A-54', '3015018425', 'enriquevela47@hotmail.com', '7311611', '7311611', 'VELA47', 'INGENIERO CIVIL', '', '', 'tarjeta profesional', '17176044-1', '', '', '', '4530', 2, 1, 1),
(114, 1, '27198750', 'sonia diaz noguera', 760, 'sonia', 'diaz noguera', 'cond. Manaca int. 25', '3006092674', 'sdndiaz@yahoo.es', '7312035', '7312035', '27198750', 'ingeniero civil', '', '', 'tarjeta profesional', '27198750-4', '', '', '', '4530', 2, 1, 1),
(115, 1, '27079701', 'MARCODEL', 760, 'Maria', 'Delgado', 'Cra 23 N? 13 - 15', '3158685266', 'marcodel@hotmail.es', '7225014', '7221608', '27079701', 'Administradora', '', '', 'tarjeta profesional', '27079701-3', '', '', '', '5244', 2, 1, 1),
(116, 2, '19237768', 'mario hector charry charry', 760, 'mario hector', 'charry charry', 'centro C. sebastian de belalcazar local 122', '3166940563', 'mariocharry@hotmail.com', '7236236', '7236236', '7270', 'comerciante', '', '', 'tarjeta profesional', '19237768-5', '', '', '', '5233', 2, 1, 1),
(117, 3, '241776', 'YASMIN PE?A RODRIGUEZ', 760, 'YASMIN', 'PE?A RODRIGUEZ', 'Carrera 33 No. 8-61 Pasto', '3155806839', 'ingeryas07@hotmail.com', '7291988', '7291988', 'yaseca73', 'INGENIERA ELECTROMECANICA', '', '', 'tarjeta profesional', '614000020-5', '', '', '', '10', 2, 1, 1),
(118, 2, '17169299', 'HECTO FORERO AREVALO', 166, 'HECTOR', 'FORERO AREVALO', 'Cra 45A 137 59', '3103240331', 'emzac@hotmail.com', '5203116', '8851077', 'hector', 'INGENIERO MECANICO', '', '', 'tarjeta profesional', '17169299-3', '', '', '', '7421', 2, 1, 2),
(119, 1, '27094552', 'PROVECOL', 760, 'MARINA DEL ROSARIO', 'TOBAR TELLO', 'CARRERA 15 NO. 19-37 B/ JAVERIANO', '3122874922', 'provecol.pasto@hotmail.com', '7214769', '7214769', 'lasviole', 'CONTADORA', '', '', 'tarjeta profesional', '5239', '', '', '', '5239', 2, 2, 1),
(120, 2, '27075710', 'MARIA DEL SOCORRO URBANO BUCHELI', 760, 'MARIA DEL SOCORRO', 'URBANO BUCHELI', 'Calle 22 No. 9-78', '3164785572', 'masourb@gmail.com', '7212143', '7212143', 'flor del', 'ARQUITECTA', '', '', 'tarjeta profesional', '27075710-1', '', '', '', '7421', 2, 1, 1),
(121, 2, '25164469', 'claudia elena serna g', 866, 'carlos alberto', 'pati?o cardona', 'cra 7 calle 12 casa 36 urb.pindana', '3117641472', 'claudiaelenaserna@latinmail.com', '3643146', '3643146', '3641665', 'bacteriologo - obras civiles', '', '', 'tarjeta profesional', '25164469-5', '', '', '', '5249', 2, 1, 1),
(122, 1, '27251251', 'MARY MAGALLY RODRIGUEZ', 760, 'Dollores', 'Pantoja', 'BARRIO EL ROSARIO', '3167157548', 'jennysofia7@yahoo.es', '3167157548', '7215576', '27251251', 'Ama de Casa', '', '', 'tarjeta profesional', '27251251', '', '', '', '7493', 2, 1, 1),
(123, 1, '30714768', 'Alta Moda Creaciones Karol', 760, 'Gloria del Socorro', 'Quintero Riascos', 'Cra. 16A No.10A-22 B. Atahualpa', '3218309315', 'gloquir@hotmail.com', '7217813', '7217813', 'creacion', 'Economista', '', '', 'tarjeta profesional', '30714768-1', '', '', '', '1810', 2, 1, 1),
(124, 1, '30713600', 'TODO MARCAS PUBLICIDAD', 760, 'Patricia', 'Enriquez Bucheli', 'Calle 17 No. 27-42', '3152092448', 'todomarcaspasto@hotmail.com', '7239812', '7292521', 'rosero', 'Auxiliar de Arquitectura', '', '', 'tarjeta profesional', '307136000-9', '', '', '', '', 2, 1, 2),
(125, 2, '30725801', 'LUCY PATRICIA GUERRERO CASTILLO', 760, 'LUCY PATRICIA', 'GUERRERO CASTILLO', 'Torres de Santiago, Apto 301, Cll 13 23-81', '3002681920', 'patriciaguerreroc@hotmail.com', '7362906', '7362906', 'lucypatr', 'bachiller academico y curso de tecnico siste', '', '', 'tarjeta profesional', '30725801', '', '', '', '7499', 2, 1, 2),
(126, 2, '27286175', 'ANA CRISTINA ENRIQUEZ CORDOBA', 760, 'ANA CRISTINA', 'ENRIQUEZ CORDOBA', 'MZ B CASA 3 B/VILLA RECREO', '3148874023', 'anacristina116@yahoo.com', '7361582', '7320493', 'anacrist', 'INGENIERA AGROFORESTAL', '', '', 'tarjeta profesional', '27286175-6', '', '', '', '140', 2, 1, 2),
(127, 2, '30708380', 'LOS PROFESIONALES A SU SERVICIO', 760, 'Lucila', 'Guerrero Vallejo', 'CALLE 17 No.9 -57', '3155400625', 'lucilag-@hotmail.com', '3206891069', '7331895', '625', 'Empresaria-Comerciante', '', '', 'tarjeta profesional', '30708380-3', '', '', '', '5521', 2, 1, 1),
(128, 1, '30716556', 'Comercial Deportivas H?rida', 760, 'Said Mauricio', 'Ceballos Ojeda', 'Calle 21 N. 26 - 72 Centro', '3156611768', 'comercial.herida@hotmail.com', '73335318', '7335318', 'maria195', 'Ingeniero de Sistemas', '', '', 'tarjeta profesional', '30716556', '', '', '', '5244', 2, 2, 2),
(129, 2, '30725935', 'NIBIA MARTINEZ TELLO', 760, 'Nibia', 'Martinez', 'Manzana E casa 5 Condominio los Andes', '3155812485', 'nibiamartineztello@hotmail.com', '7225994', '7208967', 'nm0227', 'Ingeniera Civil', '', '', 'tarjeta profesional', '30725935-2', '', '', '', '7421', 2, 1, 1),
(130, 2, '30333807', 'Clara Elizabeth Santacruz Moreno', 760, 'Clara Elizabeth', 'Santacruz Moreno', 'cll 18 No 28 84 of 701 Ed Camara de Comerc', '3007927072', 'clarasantacruz@hotmail.com', '7310367', '7310367', 'gasparin', 'Odontologa', '', '', 'tarjeta profesional', '303338075', '', '', '', '8513', 2, 1, 1),
(131, 2, '30725837', 'MARTHA ELVIRA ERASO AGREDA', 760, 'MARTHA ELVIRA', 'ERASO', 'Cra. 42 A No. 16 A-85', '3007893322', 'marerasoa@hotmail.com', '7222620', '7222620', 'juanse18', 'INGENIERA CIVIL', '', '', 'tarjeta profesional', '30725837-9', '', '', '', '7421', 2, 1, 2),
(132, 2, '30720857', 'CEPROMED', 760, 'AUGUSTO', 'ROMERO', 'Carrera 35A N?19-61 Palermo', '3007892201', 'CEPROMEDPASTO@hotmail.com', '7310031', '7360432', 'rubita', 'ING. ELECTR?NICO', '', '', 'tarjeta profesional', '307208573', '', '', '', '9302', 2, 1, 2),
(133, 2, '30721507', 'OLGA TORRES MONTA?O', 760, 'OLGA', 'TORRES MONTA?O', 'carrera 24A No. 4-37', '3104303806', 'lago.437@hotmail.com', '3104303806', '3104303806', '2210', 'TOPOGRAFA', '', '', 'tarjeta profesional', '30721507', '', '', '', '7421', 2, 1, 1),
(134, 1, '27277046', 'MARTHA MONICA ALVEAR REBOLLEDO', 760, 'MARTHA MONIICA', 'ALVEAR REBOLLEDO', 'SUMATAMBO BLOQUES VERDES No 7 APTO No 203', '3117499260', 'malvear24@yahoo.com', '3117499260', '7367152', '7266470', 'INGENIERO CIVIL', '', '', 'tarjeta profesional', '27277046-6', '', '', '', '7421', 2, 1, 1),
(135, 2, '30744684', 'maria isabel madro?ero lasso', 760, 'maria isabel', 'madro?ero lasso', 'carrera 24 no. 6 -22', '3006108814', 'madro89@gmail.com', '7220264', '7220264', 'alejandr', 'ingeneira civil', '', '', 'tarjeta profesional', '30744684-4', '', '', '', '7421', 2, 1, 1),
(136, 2, '30732776', 'Ruth Ibarra', 760, 'Ruth Amalia', 'Ibarra Cort', 'Calle 18 B No. 8 A este 34 La Paz', '3017544446', 'ruthibarrac@yahoo.es', '7309308', '7314493', 'raicing', 'Ingeniero Civil', '', '', 'tarjeta profesional', '30732776', '', '', '', '7421', 2, 1, 1),
(137, 1, '36751718', 'maria fernanda martinez torres', 760, 'maria fernanda', 'martinez torres', 'calle 21 A No. 31 C - 14 apto 304', '3185357850', 'mafemt@gmail.com', '7363562', '7363562', '36751718', 'abogada', '', '', 'tarjeta profesional', '36751718', '', '', '', '7411', 2, 1, 1),
(138, 2, '30744605', 'MONICABOLA?OS PEREZ', 760, 'MONICA', '', 'CALLE 18 No. 40-108 apto 201', '3006173748', 'monikbpe@hotmail.com', '7317720', '7317720', 'monikbpe', 'ING CIVIL', '', '', 'tarjeta profesional', '30744605-8', '', '', '', '7421', 2, 1, 2),
(139, 2, '3614785', 'JESUS ANTONIO LARCON', 760, 'KATERINE', 'ALARCON', 'CALLE 17 NO 3117', '3206869092', 'fumiplagax_colombia hotmail.com', '7312768', '7312768', '4568', 'COMUNICADORA SOCIAL', '', '', 'tarjeta profesional', '3614785', '', '', '', '5239', 2, 1, 1),
(140, 2, '30742887', 'ANA CRISTINA GOMEZ ROSAS', 760, 'Cristina', 'G?mez', 'Calle 20 C No. 9.15', '3155811862', 'chrisany@hotmail.com', '327215800', '327300511', 'ag219892', 'Ingeniero Civil', '', '', 'tarjeta profesional', '30749887-9', '', '', '', '7421', 2, 1, 1),
(141, 2, '30733067', 'SERVIPLOTTER', 760, 'Jos', 'Guerrero', 'Local 1 Edificio C?mara de Comercio', '3007806309', 'serviplotter100@yahoo.es', '7314369', '0', 'proveedo', 'Ingeniero Civil', '', '', 'tarjeta profesional', '30733067-8', '', '', '', '7499', 2, 1, 1),
(142, 1, '30735307', 'CREACIONES PRIMAVERA', 760, 'Carmen', 'Tobar', 'CALLE 14 N. 23 51', '3155443706', 'tobarcarmen@hotmail.com', '3155443706', '7207220', '30735307', 'Modista', '', '', 'tarjeta profesional', '30735307-1', '', '', '', '7499', 2, 1, 1),
(143, 2, '36750530', 'MARTHA ISABEL MONTERO', 760, 'ELSA MARINA', 'LOPEZ', 'MANZANA 15 CASA 9 CORAZON DE JESUS', '3177028747', 'mimonterol@gmail.com', '7205494', '7205494', 'camilo', 'PENSIONADA', '', '', 'tarjeta profesional', '36750530-0', '', '', '', '7499', 2, 1, 1),
(144, 1, '30730720', 'LA ZONA GIMNASIO', 760, 'CONSUELO', 'MARTINEZ MATTA', 'AV PANAMERICANA N. 26 190 PISO 2', '3004818067', 'lazonagym@hotmail.com', '7292987', '7292987', '30730720', 'TECNICO EN SISTEMAS', '', '', 'tarjeta profesional', '30730720-6', '', '', '', '9241', 2, 1, 2),
(145, 2, '30741743', 'BLANCA ROSA ESMERALDA ROSERO', 760, 'DORA', 'ROSERO', 'CRA 2 No 21 -06 LAS MERCEDES', '3136136614', 'esmeraldina_2102@hotmail', '7301690', '7301690', '30741743', 'CONTADORA', '', '', 'tarjeta profesional', '30741743 - 2', '', '', '', '7499', 2, 1, 1),
(146, 2, '30729407', 'Gloria Alicia Erazo Melo', 760, 'Gloria', 'Erazo', 'Carrera 33 No. 2-59', '3006203739', 'gloriaerazom@gmail.com', '7295836', '7295836', 'lovegaem', 'Ingeniera Civil', '', '', 'tarjeta profesional', '30729407-3', '', '', '', '7421', 2, 1, 1),
(147, 2, '51661482', 'Patricia Moreno Monsalve', 760, 'Patricia', 'Monsalve', 'Calle 22 # 41 A - 18 apto 101', '3017894894', 'patymoreno3d@hotmail.com', '7311721', '7311721', 'santafed', 'Arquitecta', '', '', 'tarjeta profesional', '51661482', '', '', '', '7421', 2, 1, 2),
(148, 2, '4314969', 'Fabio Nicanor Guerrero Enriquez', 760, 'Fabio', 'Guerrero', 'Calle 10A No. 36-04', '3006154273', 'fabionicanor@yahoo.com', '7231277', '7234950', '4314969', 'Ingeniero Civil', '', '', 'tarjeta profesional', '4314969-4', '', '', '', '4520', 2, 1, 2),
(149, 2, '41180411', 'Fanny Patricia Zambrano Ortega', 760, 'Fanny Patricia', 'Zambrano Ortega', 'Cra 42 No 18A 94 oficina 305 306 Centro Come', '3007835983', 'ingpatricia@telecom.com.co', '7310437', '7310437', '41180411', 'Ingeniera Civil', '', '', 'tarjeta profesional', '411804114', '', '', '', '4520', 2, 1, 1),
(150, 2, '36759333', 'Natalia Cristina Hernandez Guerra', 760, 'Natalia Cristina', 'Hernandez Guerra', 'Carrera 43B No. 20a-53', '3104091131', 'nchernandezg@hotmail.com', '7316193', '7316193', 'lauramar', 'Ingeniera Civil', '', '', 'tarjeta profesional', '36759333-7', '', '', '', '4530', 2, 1, 1),
(151, 1, '36755707', 'NATALIA FASHION BOUTIQUE', 760, 'Edmundo', 'Mora', 'carrera 25 15-26', '3154728729', 'nataliafashion_00@hotmail.com', '7220811', '223100', 'esmor152', 'Administrador', '', '', 'tarjeta profesional', '881111', '', '', '', '5233', 2, 1, 1),
(152, 2, '37124796', 'Melisa Rocha Cardenas', 760, 'Melisa', 'Rocha', 'Cra 18a No 44a-21', '3166651879', 'meroca1412@hotmail.com', '3166651879', '7251865', 'mel1412', 'Ingeniera Civil', '', '', 'tarjeta profesional', '37124796-1', '', '', '', '7421', 2, 1, 2),
(153, 1, '41368976', 'MARIA EUGENIA CAMACHO DELGADO', 166, 'MARIA EUGENIA', 'CAMACHO DELGADO', 'Carrera 8 No. 16-78 oficina 609 Centro Comer', '3156019433', 'ccamacho27@gmail.com', '2819845', '2861602', '123', 'ABOGADA', '', '', 'tarjeta profesional', '41368976-2', '', '', '', '7411', 2, 1, 1),
(154, 1, '41783740', 'Victoria Eugenia Serrano G?mez', 760, 'Victoria Eugenia', 'Serrano G?mez', 'Calle 20 # 40 - 121 Apto 406', '3155819475', 'vickyserranog@gmail.com', '7367051', '7367051', 'tatovick', 'Arquitecta', '', '', 'tarjeta profesional', '41783760', '', '', '', '7414', 2, 1, 2),
(155, 2, '37083856', 'Vanina Ca?izares Eraso', 760, 'Vanina', 'Ca?izares', 'cl.18 No. 40-108 AP. 203 Spa Universal', '3016913007', 'vaninac104@hotmail.com', '7320245', '7320245', '123123', 'Ing. Sanitaria y Ambiental', '', '', 'tarjeta profesional', '37083856', '', '', '', '7421', 2, 1, 1),
(156, 2, '36755548', 'MERY HELLEN SANCHEZ MORENO', 760, 'MERY HELLEN', 'SANCHEZ MORENO', 'CENTRO COMERCIAL LA 17', '3015017978', 'iconobase@hotmail.com', '7310448', '7310448', 'MELLEN', 'MERCADEO Y PUBLICIDAD', '', '', 'tarjeta profesional', '36755548-5', '', '', '', '5233', 2, 1, 1),
(157, 2, '37081287', 'PAOLA ANDREA BENAVIDES PORTILLA', 760, 'PAOLA ANDREA', 'BENAVIDES PORTILLA', 'Manzana P Casa No 3 Villa de los Rios', '3005053123', 'pabenpor@hotmail.com', '7366121', '7366121', '3708', 'INGENIERA SANITARIA Y AMBIENTAL', '', '', 'tarjeta profesional', '37081287-8', '', '', '', '7310', 2, 1, 1),
(158, 2, '37087636', 'Paula Andrea Rodriguez Rosero', 760, 'Paula Andrea', 'Rodriguez Rosero', 'calle 17 N? 6e - 24 B/ lorenzo', '3117652421', 'la_puka_paula@hotmail.com', '7304099', '7361293', '291985', 'Estudiante', '', '', 'tarjeta profesional', '37087636-2', '', '', '', '7499', 2, 1, 1),
(159, 2, '36953996', 'CLAUDIA MILENA CORDOBA COMPUGRAFICAS', 760, 'CLAUDIA MILENA', 'CORDOBA PACHAJOA', 'Calle 21 No. 22-21 Centro', '3146206077', 'compugraficas5@gmail', '7213523', '7213523', '3695', 'COMERCIANTE', '', '', 'tarjeta profesional', '336953996-0', '', '', '', '5243', 2, 1, 1),
(160, 2, '36752222', 'Laura Jimena Caicedo Caicedo', 760, 'LAURA JIMENA', 'CAICEDO CAICEDO', 'cra. 38 N? 7-10 mariluz III', '3127284531', 'lauracaicedo@misena.edu.co', '7362365', '7362365', 'lauritac', 'Ingeniera Sanitaria y Ambiental', '', '', 'tarjeta profesional', '36752222-6', '', '', '', '7421', 2, 1, 2),
(161, 1, '5203222', 'ELECTRICOS BOYACA', 760, 'JAIRO ALFREDO', 'LOPEZ BENAVIDES', 'CALLE 12 NO. 20-32', '3216431526', 'electricosb@hotmail.com', '7220020', '7295507', 'ebing201', 'INGENIERO ELECTRICISTA', '', '', 'tarjeta profesional', '79579987', '', '', '', '9309', 2, 1, 1),
(162, 1, '59819448', 'JIMENA GONZALEZ VILLOTA', 760, 'CARMEN', 'GONZALEZ', 'Carrera 42 No. 17 A -12 El Dorado', '3218021793', 'jigonvi@hotmail.com', '7312950', '7312950', 'villota', 'CONTADORA PUBLICA', '', '', 'tarjeta profesional', '59819448-7', '', '', '', '7421', 2, 1, 1),
(163, 2, '59813853', 'MARIA TERESA HIDROBO CEBALLOS', 760, 'MARIA TERESA', 'HIDROBO', 'CLL 13 No. 42-10 LOS FRAILEJONES CASA 40', '3122393249', 'matehidrobo@hotmail.com', '7227936', '7227936', 'maiteceb', 'INGENIERA CIVIL', '', '', 'tarjeta profesional', '59813853-1', '', '', '', '9309', 2, 1, 2),
(164, 1, '5309521', 'EDUARDO. E. BENAVIDES VILLARREAL', 760, 'Eduardo', 'Benavides', 'Cra. 26 No. 17-40 Of. No. 330 Pasaje Liceo', '3164727326', 'eduadoben50@hotmail.com', '7238416', '7238416', 'eduardo', 'Ing. Civil', '', '', 'tarjeta profesional', '5309521-2', '', '', '', '4530', 2, 1, 1),
(165, 2, '5275357', 'Segundo Jose Felix Hernanez Garces', 760, 'Segundo Jose Felix', 'Herandez Garces', 'Carrera 34 No.17-17', '3104094330', 'jfhernandez92@hotmail.com', '7311006', '7311006', 'lauramar', 'Ingeniero Civil', '', '', 'tarjeta profesional', '5275357-2', '', '', '', '7421', 2, 1, 1),
(166, 2, '59817418', 'ISABEL CARLINA SANTANDER BURITICA', 760, 'ISABEL CARLINA', 'SANTANDER BURITICA', 'CALLE 21A No. 31 A 70', '3155147693', 'icsb05@yahoo.es', '7315607', '7315607', '59817418', 'INGENIERA CIVIL', '', '', 'tarjeta profesional', '59817418-7', '', '', '', '4530', 2, 1, 1),
(167, 1, '5204474', 'CARLOS ANDRES PANTOJA AGREDA', 760, 'CARLOS ANDRES', 'PANTOJA AGREDA', 'CARRERA 35 No 15 - 34', '3006132969', 'ingcarlosandresmsc@gmail.com', '7335833', '7335833', 'sarahcam', 'INGENIERO CIVIL Ms.C.', '', '', 'tarjeta profesional', '5.204.474-2', '', '', '', '7421', 2, 1, 1),
(168, 2, '5206580', 'RODAMIENTOS Y RETENE', 760, 'GABRIEL', 'TREJOS', 'AV. JULIAN BUCHELY #17-94', '3177801793', 'roda.retenes@hotmail.com', '7212723', '7212723', 'rodamien', 'GERENTE', '', '', 'tarjeta profesional', '5206580', '', '', '', '9309', 2, 1, 1),
(169, 1, '5261561', 'TECNIAGRO', 760, 'CARLOS', 'CADENA', 'CALLE 17 No 20-15', '3155366264', 'tecniagroventas@hotmail.com', '7213626', '7202286', 'tecniagr', 'COMERCIANTE', '', '', 'tarjeta profesional', '5261561-8', '', '', '', '5239', 2, 1, 1),
(170, 1, '5311962', 'OSCAR MAURO ALVAREZ', 760, 'OSCAR MAURO', 'ALVAREZ', 'MZ 18 CS 6A SUMATAMBO', '3157809171', 'osmal30@hotmail.com', '7229216', '7229216', '5311962', 'TECNOLOGO AGROPECUARIO', '', '', 'tarjeta profesional', '5311962-3', '', '', '', '7414', 2, 1, 1),
(171, 2, '59817585', 'RUBY ELIZABETH IBARRA MIER', 760, 'RUBY ELIZABETH', 'IBARRA MIER', 'DG 16C 289 MIRAFLORES', '3113226342', '.', '7325057', '7325057', '59817585', 'COMERCIANTE', '', '', 'tarjeta profesional', '59817585-1', '', '', '', '9309', 2, 1, 1),
(172, 2, '59313403', 'JOHANA MARCELA BURBANO SANTACRUZ', 760, 'MARCELA', 'BURBANO SANTACRUZ', 'MZ C CASA 8 LOS ANDES', '3015018231', 'marcelab1069@hotmail.com', '3015018231', '3015018231', 'myfurby', 'TECNICO SECRETARIAL EJECUTIVO CON ENFASIS EN', '', '', 'tarjeta profesional', '59313403', '', '', '', '9309', 2, 1, 2),
(173, 2, '59813205', 'MARIA ELENA DIAZ MURIEL', 760, 'MARIA ELENA', 'DIAZ MURIEL', 'MZ 15 CASA 17 CORAZON DE JESUS', '3008240155', '0', '7210080', '0', '1234', 'TEC. EMPRESARIAL Y SECRETARIADO', '', '', 'tarjeta profesional', '59813205', '', '', '', '7515', 2, 1, 2),
(174, 1, '5332679', 'CASTILLO OMAR GUILLERMO', 760, 'RAMIRO', 'LOPEZ', 'CALLE 12 No. 7 - 97 BARRIO CHAPAL', '3206772638', 'canarsur@hotmail.com', '7215672', '7215365', 'MILLOS', 'ADMINISTRADOR', '', '', 'tarjeta profesional', '7707212484', '', '', '', '5051', 2, 1, 1),
(175, 2, '5342351', 'JESUS FRANCO YELA RODRIGUEZ', 760, 'JESUS FRANCO', 'YELA RODRIGUEZ', 'Mz 7 cs 26 altos de chapalito', '3164988956', 'jfrancoye@gmail.com', '7200835', '3218511448', '5342351', 'Ingeniero Civil', '', '', 'tarjeta profesional', '53423516', '', '', '', '4530', 2, 1, 2),
(176, 1, '5207563', 'JUAN GUILLERMO VILLOTA', 760, 'JUAN', 'VILLOTA', 'CALLE 19 A # 31 - 41 APT 203 LAS CUADRAS', '3014291867', 'juangui333@msn.com', '3014291867', '3014291867', '3739juan', 'ING. ELECTRICISTA', '', '', 'tarjeta profesional', '5207563-3', '', '', '', '7421', 2, 1, 1);
INSERT INTO `proveedores` (`id`, `tipo_identificacion_id`, `identificacion`, `razonsocial`, `ciudad_id`, `nombres`, `apellidos`, `direccion`, `celular`, `email`, `telefono`, `fax`, `contrasena`, `profecion`, `portafolio`, `estado`, `tarjeta`, `rut`, `educacion`, `camcomfecini`, `camcomfecfin`, `actiecon`, `tipo_user`, `tipo_entidad_id`, `tipo_proveedor_id`) VALUES
(177, 2, '52147280', 'Sandra Elizabeth Eraso Enriquez', 760, 'Sandra Elizabeth', 'Eraso', 'Calle 22 N? 23 - 45', '3014956285', 'sandraerasoenriquez@yahoo.es', '7210308', '7210308', 'marzo190', 'Comunicadora Social - Periodista', '', '', 'tarjeta profesional', '52147280', '', '', '', '7430', 2, 1, 2),
(178, 1, '59816304', 'ORALSALUD PASTO', 760, 'Nancy', 'Eraso', 'Edificio Camar de Comercio Consultorio 603', '3002186004', 'nancyeraso@hotmail.com', '7311589', '7311589', 'cap313', 'Odontologa Especialista en endodoncia', '', '', 'tarjeta profesional', '598163041', '', '', '', '8513', 2, 1, 1),
(179, 2, '79326217', 'GERMAN HELI RENDON VELASQUEZ', 760, 'GERMAN', 'RENDON', 'CALLE 20B No. 11-45', '3154917927', 'ger19981@yahoo.es', '7330860', '7330860', '1234567M', 'INGENIERO ELECTRICO', '', '', 'tarjeta profesional', '79326217-9', '', '', '', '7421', 2, 1, 2),
(180, 2, '79625312', 'HENRY ESPA?A RODRIGUEZ', 760, 'HENRY', 'ESPA?A', 'CARRERA 35 A No 19-90', '3006523344', 'henryespana@hotmail.com', '7312830', '7312830', '59815794', 'INGENIERO ELECTRICISTA', '', '', 'tarjeta profesional', '79625312-3', '', '', '', '7421', 2, 1, 1),
(181, 2, '79300195', 'HAROLD ROBERTO OJEDA BENAVIDES', 760, 'harold', 'ojeda', 'CRA 26 # 12-04', '3155809282', 'harold_ojeda@hotmail.com', '3155809282', '3155809282', 'hbo.ole', 'ingeniero civil', '', '', 'tarjeta profesional', '793000195-2', '', '', '', '4530', 2, 1, 1),
(182, 2, '76309322', 'CESAR FABIAN COBO ZAPATA', 1070, 'FABIAN', 'COBO', 'CARRERA 85 C 15 94', '3006161126', 'cfcobo@hotmail.com', '3300285', '3300285', 'camanbu', 'INGENIERO DE SISTEMAS', '', '', 'tarjeta profesional', '763093221', '', '', '', '7230', 2, 1, 1),
(183, 2, '79534151', 'Wilson Larry Rodr?guez Moncayo', 760, 'Edgar', 'Erazo Calvache', 'Manzana D Casa 9 Miravalle', '3216362625', 'wlring79@yahoo.es', '7296294', '7295588', 'ISABELLA', 'Arquitecto', '', '', 'tarjeta profesional', '79534151-3', '', '', '', '7421', 2, 1, 1),
(184, 1, '79451023', 'EDGAR EDUARDO RIVERA CASTRO', 760, 'ESTEBAN GUILLERMO', 'VELA RICAURTE', 'CALLE 20 No. 20-43 SEGUNDO PISO', '3146322578', 'edgarriveracastro@hotmail.com', '7292912', '7292912', '777', 'INGENIERO CIVIL', '', '', 'tarjeta profesional', '79451023-1', '', '', '', '4530', 2, 1, 1),
(185, 2, '60304536', 'OPTICA MODERNA', 760, 'MAR?A BEATRIZ', 'UGARTE LIZARAZO', 'Carrera 27 No. 18-100', '3006923872', 'opticamoderna98@gmail.com', '7227355', '7227355', '1234', 'OPT?METRA', '', '', 'tarjeta profesional', '60304536-1', '', '', '', '8515', 2, 1, 1),
(186, 2, '79110523', 'ALFONSO ASTORQUIZA ERASO', 760, 'ALFONSO', 'ASTORQUIZA ERASO', 'CALLE 19 No.27 05 OFICINA 504', '3006176934', 'alfonsoastorquiza@yahoo.com', '7235512', '7235512', '2349', 'INGENIERO CIVIL', '', '', 'tarjeta profesional', '79110523-1', '', '', '', '7421', 2, 1, 1),
(187, 2, '66863729', 'Norma Lucia Santos Qui?ones', 760, 'Norma Lucia', 'Santos', 'MZ C casa 3 Condominio Los Andes', '3137476994', 'norlusa2009@gmail.com', '7362380', '7362380', 'salma', 'Ingeniera Civil', '', '', 'tarjeta profesional', '66863729-3', '', '', '', '7421', 2, 1, 2),
(188, 1, '59824425', 'ZENAIDA SANTANDER BURITICA', 760, 'ZENAIDA', 'SANTANDER', 'CARRERA 31 B No. 20 17', '3174334712', 'zsantb@hotmail.com', '7314548', '7314548', '333333', 'INGENIERA CIVIL', '', '', 'tarjeta profesional', '598244259', '', '', '', '4530', 2, 1, 1),
(189, 2, '59827475', 'PATRICIA BASTIDAS', 760, 'PATRICIA ALEXANDRA', 'BASTIDAS PE?A', 'CRA 3A No 19 A 22 B/ EL TEJAR', '3003039692', 'patylucas@live.com', '7323457', '7323457', 'puca', 'TECNICO AUXILIAR CONTABLE', '', '', 'tarjeta profesional', '59827475', '', '', '', '5219', 2, 1, 1),
(190, 2, '59825576', 'DEPORTES NUEVO MUNDO - DELYS ALEIDA ZEA', 760, 'DELYS ALEIDA', 'ZEA SANCHEZ', 'CRA 27 No. 17-35 CENTRO', '3155271943', 'depnuevomundo07@hotmail.com', '7234373', '7234373', 'DEPORTES', 'COMERCIANTE', '', '', 'tarjeta profesional', '59825576-6', '', '', '', '5239', 2, 1, 1),
(191, 2, '75094930', 'David V?squez Cardona', 760, 'Aida Mary', 'Portilla Delgado', 'Cll 14 No 13-10', '3127133293', 'dvsaudadeazul@gmail.com', '7210359', '7210359', 'quiltrap', 'Medica', '', '', 'tarjeta profesional', '7414', '', '', '', '7414', 2, 1, 2),
(192, 1, '79627645', 'ABC Dacar Office - Jhon Portilla', 760, 'Paola Milena', 'Rodriguez Mu?oz', 'Manzana 13 Casa 7 Las Brisas', '3155845575', 'abcdacarmuebles@hotmail.com', '7320265', '7320265', 'dacar645', 'Tecnologa Administracion Negocios', '', '', 'tarjeta profesional', '79627645-1', '', '', '', '5272', 2, 1, 1),
(193, 2, '59828521', 'MOTO ANDINA', 760, 'RICARDO JESUS', 'GALINDEZ FLOREZ', 'CALLE 17 No 13-87 B/ FATIMA', '3117191811', 'motoandinapasto@telecom.com.co', '7331595', '7331595', 'cadito06', 'ADMINISTRADOR', '', '', 'tarjeta profesional', '59828521-5', '', '', '', '5040', 2, 1, 1),
(194, 2, '79506334', 'Carlos Ricardo Perilla', 166, 'Ricardo', 'Perilla', 'Calle 6a 88d-61 cs 76', '3004191050', 'ricardoperilla@gmail.com', '7404935', '7404935', '4144151', 'Ing. Electr?nico', '', '', 'tarjeta profesional', '79506334', '', '', '', '7499', 2, 1, 2),
(195, 1, '800136972', 'SERVICIOS TECNICOS E INGENIERIA SETINGE LTDA', 166, 'JAVIER', 'DUQUE CASTRILLON', 'CALLE 38 No.13 37 P.4', '3153313421', 'setinge1@hotmail.com,', '2886559', '2871581', 'jd331342', 'INGENIERO MECANICO', '', '', 'tarjeta profesional', '14128186125', '', '', '', '5169', 2, 2, 1),
(196, 2, '79699673', 'ALDO GUTIERREZ FRANCO', 1070, 'JHONNY', 'AGUDELO MEZA', 'AV 6 NORTE No. 14N-31 OF. 702', '3176451028', 'aldogutierrez@telmex.net.co', '3747086', '3747086', 'martika', 'ING SANITARIO', '', '', 'tarjeta profesional', '79699673-4', '', '', '', '7421', 2, 1, 1),
(197, 1, '800186465', 'INGENIERIA EN SISTEMAS DE BOMBEO ISB S.A.S.', 1070, 'JAIRO ALBERTO', 'HINCAPIE ARIAS', 'CALLE 44AN No. 3E - 135', '3155742752', 'jpresupuesto@isb.com.co', '6650609', '6648969', 'ISBSAS', 'INGENIERO ELECTRICISTA', '', '', 'tarjeta profesional', '800186465-1', '', '', '', '4530', 2, 2, 1),
(198, 1, '800223146', 'EL VATICANO LTDA.', 760, 'MARIO EDMUNDO', 'ROJAS ERASO', 'Calle 20 No. 23-39', '3168336857', 'vaticanopasto@hotmail.com', '7232930', '7231857', 'AMANDA', 'ADMINSTRADOR DE EMPRESAS', '', '', 'tarjeta profesional', '12966878', '', '', '', '5030', 2, 2, 1),
(199, 2, '80423652', 'James Andrade Osorio', 1070, 'James', 'Andrade', 'Kra 41E 30-47', '3002693774', 'james.andradeo@hotmail.com', '3341068', '3341068', 'Jam47631', 'Especilista TI', '', '', 'tarjeta profesional', '80423652-9', '', '', '', '7250', 2, 1, 2),
(200, 1, '814000585', 'SANTANDER ENRIQUEZ', 760, 'JAIRO ALFONSO', 'SANTANDER ENRIQUEZ', 'CLL 18 No 40 - 108', '3013356767', 'jspraxis@gmail.com', '7315343', '7315343', 'OFSPA403', 'DISE?ADOR INDUSTRIAL', '', '', 'tarjeta profesional', '14101285215', '', '', '', '9199', 2, 2, 1),
(201, 1, '805030163', 'FERREINDUSTRIAL LTDA', 1070, 'DAVID', 'GARZON', 'CRA 4 NTE No 44N - 22', '3108226805', 'ferreindustrial53@hotmail.com', '4392198', '4393035', '30163', 'GERENTE', '', '', 'tarjeta profesional', '14109094606', '', '', '', '5141', 2, 2, 1),
(202, 1, '814000496', 'LONJA DE PROPIEDAD RAIZ DE NARI?O Y PUTUMAYO', 760, 'CESAR AUGUSTO', 'VALLEJO FRANCO', 'Cra. 25 No. 19 - 12 Oficina 300', '3154680764', 'lonja_pasto@yahoo.es', '7292026', '7292026', 'fedelonj', 'INGENIERO CIVIL', '', '', 'tarjeta profesional', '98383321-1', '', '', '', '7020', 2, 2, 2),
(203, 1, '805018897', 'RECONSTRUCTORA DE MAQUINARIA DIESEL LTDA', 1057, 'CARLOS JULIO', 'ASTAIZA H', 'carrera 30 No. 10-249', '3137978814', 'castaiza@rmdltda.com', '6664887', '6664889', 'rmd66648', 'INGENIERO MECANICO', '', '', 'tarjeta profesional', '805018897-9', '', '', '', '5141', 2, 2, 1),
(204, 1, '805014913', 'SCIENTIFIC PRODUCTS LTDA', 1070, 'DIEGO FERNANDO', 'BONILLA', 'CRA. 1G No. 50-34', '3154088585', 'sp@spltda.com', '4870087', '4471161', 'SCIENTIF', 'ASESOR COMERCIAL', '', '', 'tarjeta profesional', '8050149130', '', '', '', '5190', 2, 2, 2),
(205, 1, '814006664', 'ANDINA MOTORS NARI?O S.A', 760, 'JAIME ALBERTO', 'SOLARTE SOLARTE', 'CRA 19 No 16-75 AV. LAS AMERICAS', '3136143657', 'jsolarte@hondamotos.andinanarino.c', '7210474', '7120474', '1234', 'ADMINISTRADOR FINANCIERO', '', '', 'tarjeta profesional', '180', '', '', '', '5011', 2, 2, 1),
(206, 1, '830024646', 'BAIRD SERVICE CIA LTDA', 166, 'NANCY', 'JURADO DIAZ', 'CRA 80 C N? 24D-74', '3142411888', 'baird@bairdservice.com', '8055886', '2639971', 'BAIRD201', 'INGENIERA AMBIENTAL', '', '', 'tarjeta profesional', '830024646', '', '', '', '7421', 2, 2, 1),
(207, 1, '830009716', 'VOLUMENLTDA', 166, 'FELIPE', 'ANDRADE ESCOBAR', 'CLL 103 No. 45A-35', '3115064518', 'LSAENZ@VOLUMENLTDA.COM', '6163600', '6163600', '83000971', 'ARQUITECTO', '', '', 'tarjeta profesional', '830009716', '', '', '', '5243', 2, 2, 1),
(208, 1, '830102500', 'BYC BIOSCIENCES LTDA', 166, 'JAIME', 'VELANDIA', 'CR 19 58A 15', '3124478135', 'byc@bycenlinea.com', '3490475', '3490478', 'BYCCONTR', 'INGENIERO', '', '', 'tarjeta profesional', '830102500', '', '', '', '5136', 2, 2, 1),
(209, 1, '830037572', 'CONSTRUCTORA DE LOS ANDES COANDES CIA LTDA', 166, 'Mayerly', 'Bonilla Candil', 'CARRERA 49 No. 103 - 16', '3102009058', 'licitaciones@coandescolombia.com', '7560128', '7560127', 'licitaci', 'Ingeniera', '', '', 'tarjeta profesional', '830037572', '', '', '', '4530', 2, 2, 1),
(210, 1, '830056322', 'SAYTEC DE COLOMBIA LTDA', 166, 'SONIA', 'AGUILAR', 'CRA 127 No 22D - 93 BODEGA 25 CENTRO EMPRESA', '3138290021', 'operativa@saytec.com.co', '4131999', '4131999', 'saytec', 'ASISTENTE', '', '', 'tarjeta profesional', '2', '', '', '', '5170', 2, 2, 2),
(211, 1, '830063465', 'SERVI IMAGENES LTDA.', 166, 'SAUL AMADEO', 'CORTES SIERRA', 'AVDA. 19 No. 114-65 OF. 305', '3102146708', 'scs@servimagenes.com.co', '6400354', '6400355', 'servimag', 'INGENIERO ELECTRONICO', '', '', 'tarjeta profesional', '8300634652', '', '', '', '5245', 2, 2, 1),
(212, 1, '860034714', 'PROCALCULO PROSIS S.A.', 166, 'Jorge Enrique', 'Hernandez Ojeda', 'Carrera 12 No. 90 20 P 6', '3154386026', 'jhernandez@prosis.com', '6387272', '6357260', 'PPSA', 'Ingeniero Topografo', '', '', 'tarjeta profesional', '860034714', '', '', '', '7220', 2, 2, 1),
(213, 1, '830136837', 'FLUIDIS SERVICIOS ASOCIADOS', 166, 'Viviana', 'Rodriguez', 'CRA 8 No. 80-22 PISO 1', '3208384718', 'fluidis.colombia@fluidis.net', '12124100', '12170710', 'FSA830', 'Ingeniera', '', '', 'tarjeta profesional', '830136837-3', '', '', '', '7414', 2, 2, 1),
(214, 1, '860512330', 'SERVIENTREGA S.A.', 760, 'LUIS', 'RECALDE MONTENEGRO', 'CARRERA 6 No. 22-87 PARQUE BOLIVAR', '3206974499', 'luis.recalde@servietrega.com', '7200750', '7200563', '86051233', 'ADMINISTRADOR EMPRESAS', '', '', 'tarjeta profesional', '8605123303', '', '', '', '6021', 2, 2, 1),
(215, 1, '860528040', 'TECNOINFORMATICA LATINOAMERICA S.A.', 166, 'ISABEL', 'RIOS', 'CALLE 108 No. 17 A - 87', '3204909982', 'isabel.rios@tecnoinformatica.com.c', '6001155', '6125906', '86052804', 'GERENTE ADMINISTRATIVA', '', '', 'tarjeta profesional', '860528040', '', '', '', '7220', 2, 2, 2),
(216, 2, '87060235', 'NELSON FERNANDO CALVACHI ERASO', 760, 'NELSON FERNANDO', 'CALVACHI ERASO', 'Calle 16B N? 33-61 APTO 402', '3006180536', 'nelsonfce@hotmail.com', '7362945', '7362945', '87060235', 'COMUNICADOR SOCIAL', '', '', 'tarjeta profesional', '87060235-7', '', '', '', '9213', 2, 1, 1),
(217, 2, '87070240', 'William Alberto Campo Aguirre', 760, 'William Alberto', 'Campo Aguirre', 'Cra 42a N? 15-51', '3185470304', 'vlanonymowc@hotmail.com', '7298531', '7298531', '24julio0', 'Abogado', '', '', 'tarjeta profesional', '87070240-7', '', '', '', '7411', 2, 1, 2),
(218, 1, '860075590', 'FERRIPLASTICOS SAS', 760, 'ZORAIDA', 'MALES', 'CARRERA 20A No.15-40', '3014480976', 'ferriplasticos@gmail.com', '7212272', '7210589', 'PLASTICO', 'TECNOLOGO EN SISTEMAS', '', '', 'tarjeta profesional', '860075590', '', '', '', '5219', 2, 2, 1),
(219, 1, '890903024', 'NAVITRANS S.A.S', 760, 'ANDRES ALBERTO', 'SOLIS AREVALO', 'CLL 13 No 13 - 30', '3117608689', 'asolis@navitrans.com.co', '7215007', '7214964', '12345678', 'ASESOR', '', '', 'tarjeta profesional', '890903024-1', '', '', '', '5030', 2, 2, 1),
(220, 1, '890900769', 'AUTOMATIZACION S.A.', 120, 'Jairo Fernando', 'Vargas', 'Cra. 44 No. 57 sur 67', '0', 'medellin@automatizacion.com.co', '3786600', '3050000', 'auto2012', 'Coordinador Ventas', '', '', 'tarjeta profesional', '890900769', '', '', '', '5233', 2, 2, 1),
(221, 2, '87490132', 'GUIDO ALBERTO JOJOPA TOBAR', 760, 'Guido alberto', 'jojoa tobar', 'CARRERA 16 No. 10 - 27 SAN MIGUEL', '3122048577', 'guialjoto@yahoo.com', '7361845', '7361845', '40404', 'Tecnologo en topografia', '', '', 'tarjeta profesional', '87490132', '', '', '', '7421', 2, 1, 1),
(222, 1, '890319290', 'COMPA?IA DE INGENIERIA SANITARIA CODINSA LTD', 1057, 'vladimir', 'arce', 'cra 39 No 11 166', '3162260161', 'informacion@codinsa.com', '6653151', '6653336', '67006959', 'ingeniero', '', '', 'tarjeta profesional', '890319290', '', '', '', '7421', 2, 2, 1),
(223, 2, '87215438', 'Edgar Fernando Ramirez Bravo / Hotel Fernand', 760, 'Viviana', 'Bastidas', 'Calle 20 No. 21B - 16', '3155935566', 'gerencia@hotelfernandoplaza.com', '7291432', '7224808', 'hotelfer', 'Tecnologa en Administracion de Empresa', '', '', 'tarjeta profesional', '87215438', '', '', '', '5511', 2, 1, 2),
(224, 1, '891200488', 'ELECTRICOS DE NARI?O', 760, 'FAVIO', 'ROSERO', 'CARRERA 21A N? 15 45', '3155387569', 'electricosdenarino@hotmail.com', '7206823', '7207452', '10181958', 'VENDEDOR', '', '', 'tarjeta profesional', '14098158539', '', '', '', '5241', 2, 2, 1),
(225, 1, '891222314', 'DISTRIBUIDORA SERVICENTRO LAS AVENIDAS LTDA', 760, 'FRANCISCO', 'GALVIS', 'CARRERA 14 No. 15-109', '3157348382', 'diseravn@hotmail.com', '7219964', '7202615', 'AVENIDAS', 'AUXILIAR CONTABLE', '', '', 'tarjeta profesional', '891222314', '', '', '', '5051', 2, 2, 2),
(226, 1, '891200162', 'PUYO S.A.', 760, 'PATRICIA', 'PANTOJA', 'CRA 43 N 12A 23', '3006566593', 'gerpu58@hotmail.com', '7227676', '7227678', '89120016', 'VENDEDORA', '', '', 'tarjeta profesional', '891200162-6', '', '', '', '9309', 2, 2, 1),
(227, 1, '891200642', 'CORPORACION DE TRANSPORTADORES NARI?ENSES S.', 760, 'LUZ ELENA', 'RODRIGUEZ', 'CALLE 24 NO 19 -27 BARRIO AQUINE 1', '3216361428', 'cortranasacartera@hotmail.com', '7214479', '7214479', 'luch22', 'CARTERA', '', '', 'tarjeta profesional', '891200642', '', '', '', '5051', 2, 2, 1),
(228, 1, '900024266', 'PRENAR S.A.S.', 760, 'Guillermo', 'Guerrero', 'Kil?metro 4 v?z Occidente, Brice?o.', '3146320618', 'prenarltda@hotmail.com', '7317666', '7317666', 'prenar90', 'Ingeniero Civil', '', '', 'tarjeta profesional', '14047192340', '', '', '', '2695', 2, 2, 1),
(229, 1, '900032188', 'SITI LTDA', 760, 'Efrain', 'Fajardo Guevara', 'CALLE 18 # 28 - 16', '3164020340', 'efrainfajardo@siticol.com', '3164020340', '7310618', 'siticol', 'Ing. Sistemas', '', '', 'tarjeta profesional', '900032188-8', '', '', '', '7421', 2, 2, 2),
(230, 1, '900039901', 'ENERTOTAL S.A. E.S.P.', 1070, 'JULIANA', 'NU?EZ', 'CALLE 22 NORTE #6AN-24 PISO 8', '3155618839', 'jnunez@enertotalesp.com', '6618290', '6602935', 'enertota', 'ADMINISTRADORA DE EMPRESAS', '', '', 'tarjeta profesional', '900039901', '', '', '', '4010', 2, 2, 2),
(231, 1, '900076133', 'NEMA INGENIERIA LTDA.', 166, 'Chrisabell', 'Gracia', 'CARRERA 8B # 189-43', '3004816886', 'contancto@nemaingenieria.com', '6706429', '6711982', '6032006', 'Trabajo Social', '', '', 'tarjeta profesional', '900076133', '', '', '', '4530', 2, 2, 1),
(232, 1, '900219251', 'Proyectos Civiles e Hidraulicos SAS', 166, 'Germ?n Alberto', 'L?pez Arag?n', 'Calle 79A 66 40 Int 3 Apto 505', '3102570686', 'procidra@procidrasas.com', '6360260', '6360260', '20498576', 'Ingeniero civil', '', '', 'tarjeta profesional', '1439605965', '', '', '', '4530', 2, 2, 1),
(233, 1, '900348549', 'MEGA PRODUCTS NARI?O SAS', 760, 'luis leonardo', 'velasquez varela', 'carrera 21 b # 18 - 27', '3187709835', 'mega_productspasto@hotmail.com', '7210685', '7207072', 'mega0256', 'administrador de empresas', '', '', 'tarjeta profesional', '94060926', '', '', '', '2424', 2, 2, 1),
(234, 2, '98380999', 'JAVIER MAUIRICIO OJEDA PEREZ', 760, 'YANETH MARCELA TREJO', 'TREJO MELO', 'Cra 24 No. 19 - 34 Ed pasto plaza Of 308', '3117478431', 'jmauricio-ojeda@hotmail.com', '7227383', '7227383', 'mauro5', 'estudiante universitaria', '', '', 'tarjeta profesional', '98380999', '', '', '', '7411', 2, 1, 2),
(235, 2, '98380351', 'ROLANDO DARIO OJEDA PONCE', 760, 'ROLANDO DARIO', 'OJEDA PONCE', 'CARRERA 16 10 - 130 B/SAN MIGUEL', '3104372076', 'rojedaing@hotmail.es', '27363467', '27363467', 'g1briel1', 'INGENIERO CIVIL', '', '', 'tarjeta profesional', '98380351-6', '', '', '', '4530', 2, 1, 1),
(236, 2, '98377915', 'penta manufacturas', 760, 'Samuel', 'Mosquera Guerra', 'km 8 v?a aeropuerto Antonio Nari?o', '3168134567', 'pentamanufacturas@yahoo.com', '7225515', '7313626', '3639', 'Ingeniero mec?nico', '', '', 'tarjeta profesional', '14135031662', '', '', '', '3612', 2, 1, 1),
(237, 2, '98382700', 'DARIO FERNANDO BUCHELY MU?OZ', 760, 'DARIO FERNANDO', 'BUCHELY MU?OZ', 'APTO 419 BLOQUE C1 CONDOMINIO VILLA VERGEL', '3102113860', 'dariobuchely@yahoo.com', '0', '0', '98382700', 'INGENIERO CIVIL', '', '', 'tarjeta profesional', '98382700-2', '', '', '', '4530', 2, 1, 2),
(238, 1, '900461641', 'FERRETERIA J. ALBERTO SAS', 760, 'JOSE ALBERTO', 'JURADO CALVACHE', 'CRA 20 19 75', '3164824978', 'jalbertojur@yahoo.es', '7210808', '7214643', 'mrjc2105', 'GERENTE', '', '', 'tarjeta profesional', '900461641', '', '', '', '5141', 2, 2, 1),
(239, 2, '98379183', 'transportes brice?o bajo', 760, 'Edgar Jesus', 'Pabon Cabrera', 'Calle 16A No. 40-54', '3167409264', 'pabon8221@hotmail.com', '7294061', '7294061', '5185', 'Independiente', '', '', 'tarjeta profesional', '98.379.183-3', '', '', '', '6044', 2, 1, 2),
(240, 2, '98390587', 'FERCOM', 760, 'GIOVANY', 'MAURY', 'CARRERA 20 N?19-39', '3148942291', 'fercom98@hotmail.com', '7213206', '7202088', '411', 'CONTADOR PUBLICO', '', '', 'tarjeta profesional', '14159985182', '', '', '', '5241', 2, 1, 1),
(241, 2, '98390527', 'JOSE ANDRES TAQUEZ ZAMBRANO', 760, 'jose andres', 'taquez zambrano', 'Baviera Casa 4', '3174505459', 'andrestaquez@gmail.com', '3128253247', '7201623', 'pinina', 'ingeniero civil', '', '', 'tarjeta profesional', '98390527-8', '', '', '', '7421', 2, 1, 1),
(242, 2, '98386975', 'GEMAN DARIO ERASO ERASO', 760, 'GEMAN DARIO', 'ERASO ERASO', 'Cll 21 15 A 26 JAVERIANO', '3175895054', 'mancho-00@hotmail.com', '7213156', '7213156', '1213', 'COMERCIANTE', '', '', 'tarjeta profesional', '98386975', '', '', '', '140', 2, 1, 1),
(243, 1, '98391283', 'esteban caicedo trejo', 760, 'esteban', 'caicedo', 'cl 16 n?44-56', '3136991984', 'ingeniero1aaa@yahoo.es', '7207203', '7207203', 'mecato28', 'ingeniero civil', '', '', 'tarjeta profesional', '98391283', '', '', '', '9309', 2, 1, 2),
(244, 2, '98394761', 'PABLO ANDRES MONTILLA', 760, 'Andres', 'Montilla', 'Calle 10A No. 34-77', '3105267103', 'pabloandres.montilla@gmail.com', '7227100', '7227100', 'bella197', 'Ingeniero Civil', '', '', 'tarjeta profesional', '98394761-3', '', '', '', '4530', 2, 1, 2),
(245, 1, '98396282', 'HAMILTON LUCERO', 760, 'HAMILTON', 'LUCERO', 'CLL 18 -18 42', '3127810490', 'HAMILTONLUCERO@GMAIL.COM', '3127810490', '0', '9272015', 'INGENIERO SANITARIO Y AMBINETAL', '', '', 'tarjeta profesional', '22567', '', '', '', '7421', 2, 1, 1),
(246, 2, '98389644', 'LUIS CARLOS UNIGARRO SANTACRUZ', 760, 'RUTH MAGALI', 'TAPIA FIERRO', 'MZ. C CS. 10 B/SAUCES LA CAROLINA', '3155949776', 'lcus75@gmail.com', '7323688', '7323688', 'RMTF9838', 'ABOGADA', '', '', 'tarjeta profesional', '98389644-1', '', '', '', '4530', 2, 1, 1),
(247, 2, '98393893', 'LUIS ALBERTO CHAVES ARAUJO', 760, 'LUIS ALBERTO', 'CHAVES ARAUJO', 'CRA 13 N? 2-15 CAICEDO', '3178351340', 'luischavesar@hotmail.com', '7308935', '7308905', '98393893', 'CAMAROGRAFO', '', '', 'tarjeta profesional', '98393893-2', '', '', '', '7320', 2, 1, 1),
(248, 2, '98385179', 'JAIME EDUARDO DE LAPORTILLA MONCAYOO', 760, 'JAIME EDUARDO', 'DE LA PORTILLA MONCAYO', 'Carrera 44 A No. 16 A 42', '3155832340', 'info@ingelec.com.co', '7335520', '7335099', 'jaime', 'INGENIERO ELECTRICISTA', '', '', 'tarjeta profesional', '98385179-8', '', '', '', '4542', 2, 1, 2),
(249, 2, '98395610', 'Fredy Alonso Ordieres Andrade', 760, 'Gloria', 'Urbina', 'Calle 26 No. 2-59 la Carolina', '3153115922', 'fordierez@hotmail.com', '7307534', '7227726', '1303', 'Secretaria aux. contable', '', '', 'tarjeta profesional', '98395610-4', '', '', '', '7413', 2, 1, 1),
(250, 2, '98384930', 'JAIRO UNIGARRO SANTACRUZ', 760, 'LUIS CARLOS', 'UNIGARRO SANTACRUZ', 'CLLE 15 34B 17', '3117966619', 'jairounigarro@gmail.com', '7323688', '7323688', '98384930', 'INGENIERO CIVIL', '', '', 'tarjeta profesional', '98384930-9', '', '', '', '7421', 2, 1, 1),
(251, 2, '98390205', 'A.B.R.', 760, 'Andres', 'Burbano', 'Calle 19A No. 28-67', '3155171271', 'pjburbano@hotmail.com', '7300314', '7300314', 'altoocta', 'Ing. Mecanico', '', '', 'tarjeta profesional', '98390205', '', '', '', '7414', 2, 1, 2),
(252, 1, '98392362', 'FERNANDO RUEDA', 760, 'FERNANDO', 'RUEDA', 'CALLE 20 N? 40-69 AV. LOS ESTUDIANTES EDIFIC', '3155054093', 'fernandor327@hotmail.com', '7223608', '7223608', 'FERNANDO', 'TECNICO ELECTRICISTA', '', '', 'tarjeta profesional', '98392362-9', '', '', '', '4542', 2, 1, 1),
(253, 2, '98395678', 'juan carlos ortiz burbano', 760, 'juan carlos', 'ortiz burbano', 'casa 16 a los rosales 1', '3163443464', 'juan.caortiz@hotmail.com', '7222717', '7222717', '395678', 'licensiado en educacion fisica', '', '', 'tarjeta profesional', '98395678-4', '', '', '', '9241', 2, 1, 1),
(254, 2, '98383375', 'RAUL POVEDA ORTEGA', 760, 'Raul', 'Poveda', 'Calle 11 # 38 - 78', '3188136171', 'raulpoveda77@gmail.com', '7360343', '7360343', 'grandeza', 'Ingeniero Civil', '', '', 'tarjeta profesional', '98383375-6', '', '', '', '4530', 2, 1, 1),
(255, 1, '98394777', 'MARIO FERNANDO BACCA RAMOS', 760, 'MARIO FERNANDO', 'BACCA', 'CALLE 17 # 20A-01', '3204121085', 'ferbacc1276@hotmail.com', '7219065', '7233712', 'auu826', 'ING. INDUSTRIAL', '', '', 'tarjeta profesional', '98394777-0', '', '', '', '5234', 2, 1, 1),
(256, 2, '98397926', 'Ricardo Insuasti Marcillo', 760, 'Alfonso', 'Insuasti Sanson', 'Carrera 7 # 12 d 11 B/ El Pilar', '3117558753', 'rim1579@hotmail.com', '7207911', '7207911', 'N0277', 'Obrero Grado I Empopasto', '', '', 'tarjeta profesional', '98397926 - 5', '', '', '', '9241', 2, 1, 1),
(257, 1, '98417386', 'CARLOS AMADOR CEBALLOS VELASQUEZ', 760, 'Carlos', 'Ceballos', 'Carrera 1 # 16 D 36', '3146685692', 'amaceb@gmail.com', '7325990', '7325990', 'isaias79', 'Contador publico', '', '', 'tarjeta profesional', '98417386-5', '', '', '', '7412', 2, 1, 2),
(259, 2, '18130984', 'WILMER ARTEAGA', 760, 'WILMER', 'ARTEAGA', 'Palermo Cr 39 N 19-50', '3123106898', 'killerwilmer@gmail.com', NULL, NULL, 'skynet', 'Ing. sistemas', NULL, NULL, 'No', NULL, NULL, NULL, NULL, NULL, 1, 1, 1);

-- --------------------------------------------------------

--
-- Estructura de tabla para la tabla `proyecto`
--

CREATE TABLE IF NOT EXISTS `proyecto` (
  `id` int(11) NOT NULL AUTO_INCREMENT,
  `nombre` varchar(255) DEFAULT NULL,
  `evaluacion` int(11) DEFAULT NULL,
  `observacion` varchar(255) DEFAULT NULL,
  `fechacontra` date DEFAULT NULL,
  `fechafinal` date DEFAULT NULL,
  `proveedores_id` int(11) NOT NULL,
  PRIMARY KEY (`id`),
  KEY `fk_proyecto_proveedores1` (`proveedores_id`)
) ENGINE=InnoDB DEFAULT CHARSET=latin1 AUTO_INCREMENT=1 ;

--
-- Volcar la base de datos para la tabla `proyecto`
--


-- --------------------------------------------------------

--
-- Estructura de tabla para la tabla `seccion`
--

CREATE TABLE IF NOT EXISTS `seccion` (
  `id` int(11) NOT NULL AUTO_INCREMENT,
  `nombre` varchar(200) DEFAULT NULL,
  PRIMARY KEY (`id`)
) ENGINE=InnoDB  DEFAULT CHARSET=latin1 COMMENT='			' AUTO_INCREMENT=19 ;

--
-- Volcar la base de datos para la tabla `seccion`
--

INSERT INTO `seccion` (`id`, `nombre`) VALUES
(1, 'SECCIÓN A - AGRICULTURA, GANADERÍA, CAZA Y SILVICULTURA'),
(2, 'SECCIÓN B - PESCA'),
(3, 'SECCIÓN C - EXPLOTACIÓN DE MINAS Y CANTERAS '),
(4, 'SECCIÓN D - INDUSTRIAS MANUFACTURERAS '),
(5, 'SECCIÓN E - SUMINISTRO DE ELECTRICIDAD, GAS Y AGUA '),
(6, 'SECCIÓN F - CONSTRUCCIÓN '),
(7, 'SECCIÓN G - COMERCIO AL POR MAYOR Y AL POR MENOR; REPARACIÓN DE VEHÍCULOS AUTOMOTORES, MOTOCICLETAS, EFECTOS PERSONALES Y ENSERES DOMÉSTICOS '),
(8, 'SECCIÓN H - HOTELES Y RESTAURANTES '),
(9, 'SECCIÓN I - TRANSPORTE, ALMACENAMIENTO Y COMUNICACIONES '),
(10, 'SECCIÓN J - INTERMEDIACIÓN FINANCIERA'),
(11, 'SECCIÓN K - ACTIVIDADES INMOBILIARIAS, DE ALQUILER Y EMPRESARIALES '),
(12, 'SECCIÓN L - ADMINISTRACIÓN PÚBLICA Y DEFENSA; PLANES DE SEGURIDAD SOCIAL DE AFILIACIÓN OBLIGATORIA '),
(13, 'SECCIÓN M - EDUCACIÓN '),
(14, 'SECCIÓN N - SERVICIOS SOCIALES Y DE SALUD '),
(15, 'SECCIÓN O - OTRAS ACTIVIDADES DE SERVICIOS COMUNITARIOS, SOCIALES Y PERSONALES '),
(16, 'SECCIÓN P - ACTIVIDADES DE HOGARES PRIVADOS COMO EMPLEADORES Y ACTIVIDADES NO DIFERENCIADAS DE HOGARES PRIVADOS COMO PRODUCTORES '),
(17, 'SECCIÓN Q - ORGANIZACIONES Y ÓRGANOS EXTRATERRITORIALES (DIVISIÓN 99) '),
(18, 'OTRAS CLASIFICACIONES ');

-- --------------------------------------------------------

--
-- Estructura de tabla para la tabla `tipo_entidad`
--

CREATE TABLE IF NOT EXISTS `tipo_entidad` (
  `id` int(11) NOT NULL AUTO_INCREMENT,
  `nombre` varchar(100) DEFAULT NULL,
  PRIMARY KEY (`id`)
) ENGINE=InnoDB  DEFAULT CHARSET=latin1 AUTO_INCREMENT=4 ;

--
-- Volcar la base de datos para la tabla `tipo_entidad`
--

INSERT INTO `tipo_entidad` (`id`, `nombre`) VALUES
(1, 'PERSONA NATURAL'),
(2, 'PERSONA JURIDICA'),
(3, 'CONSORCIO O UNION TEMPORAL');

-- --------------------------------------------------------

--
-- Estructura de tabla para la tabla `tipo_identificacion`
--

CREATE TABLE IF NOT EXISTS `tipo_identificacion` (
  `id` int(11) NOT NULL AUTO_INCREMENT,
  `nombre` varchar(100) DEFAULT NULL,
  PRIMARY KEY (`id`)
) ENGINE=InnoDB  DEFAULT CHARSET=latin1 AUTO_INCREMENT=4 ;

--
-- Volcar la base de datos para la tabla `tipo_identificacion`
--

INSERT INTO `tipo_identificacion` (`id`, `nombre`) VALUES
(1, 'NIT'),
(2, 'CEDULA DE CIUDADANIA'),
(3, 'CEDULA DE EXTRANJERIA');

-- --------------------------------------------------------

--
-- Estructura de tabla para la tabla `tipo_proveedor`
--

CREATE TABLE IF NOT EXISTS `tipo_proveedor` (
  `id` int(11) NOT NULL AUTO_INCREMENT,
  `nombre` varchar(100) DEFAULT NULL,
  PRIMARY KEY (`id`)
) ENGINE=InnoDB  DEFAULT CHARSET=latin1 AUTO_INCREMENT=3 ;

--
-- Volcar la base de datos para la tabla `tipo_proveedor`
--

INSERT INTO `tipo_proveedor` (`id`, `nombre`) VALUES
(1, 'SUMINISTRO DE BIENES, OBRAS CIVILES'),
(2, 'PROVEEDOR DE SERVICIOS INTERVENTORIAS Y/O CONSULTORIAS');

--
-- Filtros para las tablas descargadas (dump)
--

--
-- Filtros para la tabla `actividad`
--
ALTER TABLE `actividad`
  ADD CONSTRAINT `fk_actividad_division1` FOREIGN KEY (`division_id`) REFERENCES `division` (`id`) ON DELETE NO ACTION ON UPDATE NO ACTION;

--
-- Filtros para la tabla `actividad_has_proveedores`
--
ALTER TABLE `actividad_has_proveedores`
  ADD CONSTRAINT `fk_actividad_has_proveedores_actividad1` FOREIGN KEY (`actividad_id`) REFERENCES `actividad` (`id`) ON DELETE NO ACTION ON UPDATE NO ACTION,
  ADD CONSTRAINT `fk_actividad_has_proveedores_proveedores1` FOREIGN KEY (`proveedores_id`) REFERENCES `proveedores` (`id`) ON DELETE NO ACTION ON UPDATE NO ACTION;

--
-- Filtros para la tabla `division`
--
ALTER TABLE `division`
  ADD CONSTRAINT `fk_division_seccion` FOREIGN KEY (`seccion_id`) REFERENCES `seccion` (`id`) ON DELETE NO ACTION ON UPDATE NO ACTION;

--
-- Filtros para la tabla `proveedores`
--
ALTER TABLE `proveedores`
  ADD CONSTRAINT `fk_proveedores_ciudad1` FOREIGN KEY (`ciudad_id`) REFERENCES `ciudad` (`id`) ON DELETE NO ACTION ON UPDATE NO ACTION,
  ADD CONSTRAINT `fk_proveedores_tipo_entidad1` FOREIGN KEY (`tipo_entidad_id`) REFERENCES `tipo_entidad` (`id`) ON DELETE NO ACTION ON UPDATE NO ACTION,
  ADD CONSTRAINT `fk_proveedores_tipo_identificacion1` FOREIGN KEY (`tipo_identificacion_id`) REFERENCES `tipo_identificacion` (`id`) ON DELETE NO ACTION ON UPDATE NO ACTION,
  ADD CONSTRAINT `fk_proveedores_tipo_proveedor1` FOREIGN KEY (`tipo_proveedor_id`) REFERENCES `tipo_proveedor` (`id`) ON DELETE NO ACTION ON UPDATE NO ACTION;

--
-- Filtros para la tabla `proyecto`
--
ALTER TABLE `proyecto`
  ADD CONSTRAINT `fk_proyecto_proveedores1` FOREIGN KEY (`proveedores_id`) REFERENCES `proveedores` (`id`) ON DELETE NO ACTION ON UPDATE NO ACTION;
